ID;Names;@mail;department
1;Rex	;feweqf@mail.ru	;cod
2;Igor	;feweqf@mail.ru	;work
3;Lex	;ewrt@mail.ru	;test
4;Lex	;fef@mail.ru	;sail
5;Rex	;qwerf@mail.ru	;test
6;Rex	;fef@mail.ru	;sail
7;Igor	;trtf@mail.ru	;work
8;Igor	;qwerf@mail.ru	;cod
9;Igor	;ewrt@mail.ru	;mod
10;Rex	;qwerf@mail.ru	;mod
11;Lex	;fef@mail.ru	;cod
12;Lex	;rty@mail.ru	;sail
13;Rex	;ewrt@mail.ru	;test
14;Rex	;qwerf@mail.ru	;kill
15;Kate	;ewrt@mail.ru	;work
16;Rex	;fef@mail.ru	;sail
17;Rex	;feweqf@mail.ru	;kill
18;Rex	;rty@mail.ru	;sail
19;Kate	;fef@mail.ru	;mod
20;Max	;rty@mail.ru	;sail
21;Rex	;ewrt@mail.ru	;mod
22;Lex	;ewrt@mail.ru	;work
23;Igor	;ewrt@mail.ru	;cod
24;Kate	;rty@mail.ru	;test
25;Rex	;rty@mail.ru	;cod
26;Lex	;trtf@mail.ru	;work
27;Rex	;qwerf@mail.ru	;test
28;Rex	;fef@mail.ru	;cod
29;Rex	;qwerf@mail.ru	;test
30;Lex	;qwerf@mail.ru	;cod
31;Max	;feweqf@mail.ru	;sail
32;Igor	;trtf@mail.ru	;sail
33;Lora	;feweqf@mail.ru	;test
34;Max	;qwerf@mail.ru	;cod
35;Lora	;ewrt@mail.ru	;cod
36;Igor	;trtf@mail.ru	;test
37;Lora	;trtf@mail.ru	;test
38;Kate	;qwerf@mail.ru	;mod
39;Rex	;fef@mail.ru	;sail
40;Max	;feweqf@mail.ru	;cod
41;Lora	;qwerf@mail.ru	;mod
42;Lora	;rty@mail.ru	;mod
43;Igor	;feweqf@mail.ru	;sail
44;Lex	;feweqf@mail.ru	;work
45;Kate	;qwerf@mail.ru	;cod
46;Lex	;fef@mail.ru	;kill
47;Igor	;rty@mail.ru	;work
48;Rex	;rty@mail.ru	;cod
49;Kate	;ewrt@mail.ru	;cod
50;Igor	;feweqf@mail.ru	;sail
51;Kate	;qwerf@mail.ru	;kill
52;Max	;feweqf@mail.ru	;mod
53;Rex	;feweqf@mail.ru	;sail
54;Kate	;ewrt@mail.ru	;test
55;Lora	;ewrt@mail.ru	;test
56;Igor	;trtf@mail.ru	;sail
57;Igor	;fef@mail.ru	;kill
58;Rex	;rty@mail.ru	;sail
59;Igor	;fef@mail.ru	;work
60;Max	;fef@mail.ru	;sail
61;Kate	;rty@mail.ru	;kill
62;Max	;fef@mail.ru	;work
63;Kate	;trtf@mail.ru	;cod
64;Lora	;fef@mail.ru	;kill
65;Rex	;feweqf@mail.ru	;work
66;Lora	;qwerf@mail.ru	;mod
67;Lora	;qwerf@mail.ru	;sail
68;Max	;fef@mail.ru	;sail
69;Igor	;qwerf@mail.ru	;test
70;Max	;trtf@mail.ru	;cod
71;Kate	;qwerf@mail.ru	;work
72;Max	;rty@mail.ru	;kill
73;Lex	;fef@mail.ru	;sail
74;Max	;fef@mail.ru	;test
75;Lex	;trtf@mail.ru	;work
76;Lora	;feweqf@mail.ru	;work
77;Kate	;qwerf@mail.ru	;sail
78;Max	;trtf@mail.ru	;test
79;Max	;trtf@mail.ru	;sail
80;Lex	;rty@mail.ru	;kill
81;Igor	;ewrt@mail.ru	;kill
82;Lex	;ewrt@mail.ru	;test
83;Max	;ewrt@mail.ru	;kill
84;Rex	;qwerf@mail.ru	;cod
85;Lora	;rty@mail.ru	;kill
86;Kate	;ewrt@mail.ru	;test
87;Max	;feweqf@mail.ru	;kill
88;Kate	;rty@mail.ru	;kill
89;Max	;fef@mail.ru	;sail
90;Max	;ewrt@mail.ru	;cod
91;Lora	;trtf@mail.ru	;work
92;Lex	;qwerf@mail.ru	;kill
93;Lora	;fef@mail.ru	;cod
94;Max	;rty@mail.ru	;test
95;Rex	;ewrt@mail.ru	;kill
96;Kate	;fef@mail.ru	;cod
97;Rex	;rty@mail.ru	;mod
98;Rex	;rty@mail.ru	;test
99;Kate	;feweqf@mail.ru	;cod
100;Kate	;trtf@mail.ru	;cod
101;Igor	;feweqf@mail.ru	;mod
102;Rex	;fef@mail.ru	;cod
103;Igor	;rty@mail.ru	;work
104;Lora	;rty@mail.ru	;kill
105;Igor	;qwerf@mail.ru	;work
106;Lex	;trtf@mail.ru	;test
107;Lora	;ewrt@mail.ru	;mod
108;Rex	;feweqf@mail.ru	;cod
109;Rex	;trtf@mail.ru	;sail
110;Lora	;feweqf@mail.ru	;work
111;Igor	;ewrt@mail.ru	;sail
112;Kate	;qwerf@mail.ru	;work
113;Lora	;feweqf@mail.ru	;kill
114;Max	;qwerf@mail.ru	;kill
115;Igor	;ewrt@mail.ru	;kill
116;Igor	;ewrt@mail.ru	;mod
117;Rex	;trtf@mail.ru	;kill
118;Igor	;fef@mail.ru	;work
119;Igor	;rty@mail.ru	;kill
120;Lex	;ewrt@mail.ru	;test
121;Igor	;trtf@mail.ru	;mod
122;Max	;qwerf@mail.ru	;cod
123;Lora	;feweqf@mail.ru	;work
124;Igor	;rty@mail.ru	;work
125;Rex	;qwerf@mail.ru	;kill
126;Max	;fef@mail.ru	;mod
127;Max	;fef@mail.ru	;mod
128;Lex	;ewrt@mail.ru	;sail
129;Igor	;qwerf@mail.ru	;cod
130;Max	;feweqf@mail.ru	;work
131;Max	;ewrt@mail.ru	;sail
132;Rex	;rty@mail.ru	;kill
133;Kate	;feweqf@mail.ru	;work
134;Rex	;trtf@mail.ru	;kill
135;Igor	;ewrt@mail.ru	;cod
136;Kate	;fef@mail.ru	;sail
137;Kate	;rty@mail.ru	;test
138;Kate	;feweqf@mail.ru	;sail
139;Lex	;trtf@mail.ru	;test
140;Igor	;feweqf@mail.ru	;mod
141;Lex	;rty@mail.ru	;mod
142;Lora	;fef@mail.ru	;cod
143;Lex	;ewrt@mail.ru	;kill
144;Kate	;ewrt@mail.ru	;mod
145;Igor	;ewrt@mail.ru	;cod
146;Lora	;qwerf@mail.ru	;test
147;Kate	;feweqf@mail.ru	;test
148;Kate	;trtf@mail.ru	;work
149;Igor	;rty@mail.ru	;test
150;Lora	;fef@mail.ru	;test
151;Lex	;fef@mail.ru	;work
152;Igor	;feweqf@mail.ru	;kill
153;Max	;rty@mail.ru	;work
154;Igor	;fef@mail.ru	;test
155;Max	;feweqf@mail.ru	;test
156;Lora	;feweqf@mail.ru	;mod
157;Rex	;rty@mail.ru	;work
158;Lex	;fef@mail.ru	;work
159;Max	;trtf@mail.ru	;kill
160;Lex	;feweqf@mail.ru	;kill
161;Max	;trtf@mail.ru	;kill
162;Kate	;feweqf@mail.ru	;work
163;Lora	;feweqf@mail.ru	;kill
164;Max	;ewrt@mail.ru	;test
165;Lex	;feweqf@mail.ru	;cod
166;Max	;rty@mail.ru	;mod
167;Lora	;feweqf@mail.ru	;work
168;Lex	;rty@mail.ru	;mod
169;Lora	;feweqf@mail.ru	;sail
170;Rex	;qwerf@mail.ru	;cod
171;Lora	;ewrt@mail.ru	;sail
172;Rex	;trtf@mail.ru	;mod
173;Rex	;trtf@mail.ru	;sail
174;Kate	;fef@mail.ru	;kill
175;Igor	;fef@mail.ru	;mod
176;Kate	;feweqf@mail.ru	;mod
177;Lora	;ewrt@mail.ru	;sail
178;Lex	;trtf@mail.ru	;cod
179;Lora	;fef@mail.ru	;cod
180;Lora	;rty@mail.ru	;sail
181;Kate	;trtf@mail.ru	;sail
182;Lex	;rty@mail.ru	;cod
183;Rex	;qwerf@mail.ru	;test
184;Lex	;rty@mail.ru	;sail
185;Kate	;fef@mail.ru	;work
186;Lora	;qwerf@mail.ru	;cod
187;Max	;fef@mail.ru	;work
188;Igor	;fef@mail.ru	;mod
189;Rex	;trtf@mail.ru	;test
190;Max	;qwerf@mail.ru	;mod
191;Rex	;ewrt@mail.ru	;sail
192;Lora	;fef@mail.ru	;kill
193;Rex	;feweqf@mail.ru	;kill
194;Max	;feweqf@mail.ru	;sail
195;Max	;ewrt@mail.ru	;work
196;Lora	;ewrt@mail.ru	;mod
197;Kate	;fef@mail.ru	;kill
198;Lora	;fef@mail.ru	;sail
199;Lora	;trtf@mail.ru	;mod
200;Lora	;ewrt@mail.ru	;cod
201;Lex	;trtf@mail.ru	;cod
202;Rex	;trtf@mail.ru	;test
203;Lex	;qwerf@mail.ru	;work
204;Rex	;feweqf@mail.ru	;sail
205;Igor	;trtf@mail.ru	;cod
206;Kate	;rty@mail.ru	;test
207;Lex	;qwerf@mail.ru	;sail
208;Rex	;fef@mail.ru	;test
209;Lora	;qwerf@mail.ru	;mod
210;Max	;qwerf@mail.ru	;cod
211;Lora	;trtf@mail.ru	;work
212;Rex	;feweqf@mail.ru	;work
213;Rex	;rty@mail.ru	;test
214;Kate	;ewrt@mail.ru	;sail
215;Rex	;rty@mail.ru	;mod
216;Lora	;trtf@mail.ru	;kill
217;Lex	;qwerf@mail.ru	;kill
218;Lex	;qwerf@mail.ru	;mod
219;Kate	;rty@mail.ru	;work
220;Igor	;rty@mail.ru	;kill
221;Lora	;trtf@mail.ru	;sail
222;Kate	;rty@mail.ru	;kill
223;Lex	;feweqf@mail.ru	;cod
224;Kate	;ewrt@mail.ru	;mod
225;Rex	;trtf@mail.ru	;work
226;Rex	;fef@mail.ru	;work
227;Lex	;trtf@mail.ru	;kill
228;Igor	;trtf@mail.ru	;mod
229;Max	;feweqf@mail.ru	;kill
230;Lex	;ewrt@mail.ru	;kill
231;Kate	;trtf@mail.ru	;kill
232;Rex	;trtf@mail.ru	;sail
233;Igor	;rty@mail.ru	;cod
234;Igor	;fef@mail.ru	;cod
235;Kate	;ewrt@mail.ru	;mod
236;Max	;fef@mail.ru	;test
237;Kate	;feweqf@mail.ru	;work
238;Lex	;trtf@mail.ru	;sail
239;Lora	;rty@mail.ru	;test
240;Kate	;rty@mail.ru	;kill
241;Lex	;fef@mail.ru	;test
242;Max	;qwerf@mail.ru	;sail
243;Rex	;fef@mail.ru	;work
244;Kate	;ewrt@mail.ru	;kill
245;Lex	;fef@mail.ru	;sail
246;Rex	;fef@mail.ru	;kill
247;Max	;feweqf@mail.ru	;mod
248;Kate	;ewrt@mail.ru	;test
249;Kate	;rty@mail.ru	;cod
250;Max	;qwerf@mail.ru	;sail
251;Igor	;trtf@mail.ru	;sail
252;Lora	;ewrt@mail.ru	;mod
253;Lex	;fef@mail.ru	;sail
254;Rex	;qwerf@mail.ru	;sail
255;Lex	;fef@mail.ru	;kill
256;Rex	;qwerf@mail.ru	;work
257;Igor	;feweqf@mail.ru	;cod
258;Kate	;fef@mail.ru	;test
259;Rex	;fef@mail.ru	;work
260;Kate	;fef@mail.ru	;mod
261;Igor	;feweqf@mail.ru	;test
262;Igor	;feweqf@mail.ru	;cod
263;Kate	;fef@mail.ru	;kill
264;Kate	;rty@mail.ru	;cod
265;Igor	;rty@mail.ru	;mod
266;Kate	;qwerf@mail.ru	;sail
267;Lex	;fef@mail.ru	;mod
268;Igor	;ewrt@mail.ru	;cod
269;Kate	;feweqf@mail.ru	;work
270;Lex	;fef@mail.ru	;mod
271;Kate	;fef@mail.ru	;kill
272;Lex	;trtf@mail.ru	;work
273;Lex	;rty@mail.ru	;cod
274;Lex	;feweqf@mail.ru	;test
275;Max	;trtf@mail.ru	;cod
276;Lora	;ewrt@mail.ru	;work
277;Kate	;trtf@mail.ru	;test
278;Igor	;trtf@mail.ru	;kill
279;Lora	;feweqf@mail.ru	;work
280;Max	;ewrt@mail.ru	;test
281;Lora	;rty@mail.ru	;mod
282;Lora	;ewrt@mail.ru	;kill
283;Lora	;rty@mail.ru	;test
284;Kate	;qwerf@mail.ru	;test
285;Max	;rty@mail.ru	;mod
286;Igor	;ewrt@mail.ru	;kill
287;Lex	;trtf@mail.ru	;sail
288;Igor	;qwerf@mail.ru	;cod
289;Max	;fef@mail.ru	;test
290;Lex	;qwerf@mail.ru	;test
291;Lex	;qwerf@mail.ru	;work
292;Max	;trtf@mail.ru	;kill
293;Kate	;trtf@mail.ru	;work
294;Rex	;ewrt@mail.ru	;sail
295;Lex	;fef@mail.ru	;work
296;Kate	;fef@mail.ru	;work
297;Max	;fef@mail.ru	;mod
298;Rex	;ewrt@mail.ru	;mod
299;Rex	;rty@mail.ru	;mod
300;Lex	;ewrt@mail.ru	;kill
301;Kate	;qwerf@mail.ru	;cod
302;Lora	;trtf@mail.ru	;work
303;Lora	;feweqf@mail.ru	;kill
304;Igor	;feweqf@mail.ru	;kill
305;Lora	;fef@mail.ru	;kill
306;Igor	;rty@mail.ru	;sail
307;Kate	;fef@mail.ru	;mod
308;Kate	;ewrt@mail.ru	;test
309;Igor	;qwerf@mail.ru	;test
310;Kate	;trtf@mail.ru	;mod
311;Lex	;feweqf@mail.ru	;mod
312;Lex	;rty@mail.ru	;kill
313;Igor	;qwerf@mail.ru	;kill
314;Kate	;trtf@mail.ru	;work
315;Kate	;feweqf@mail.ru	;sail
316;Kate	;feweqf@mail.ru	;kill
317;Kate	;rty@mail.ru	;test
318;Igor	;fef@mail.ru	;kill
319;Rex	;trtf@mail.ru	;sail
320;Lex	;qwerf@mail.ru	;sail
321;Kate	;rty@mail.ru	;kill
322;Igor	;rty@mail.ru	;test
323;Igor	;feweqf@mail.ru	;mod
324;Lora	;rty@mail.ru	;cod
325;Lex	;qwerf@mail.ru	;mod
326;Lora	;qwerf@mail.ru	;cod
327;Kate	;rty@mail.ru	;cod
328;Rex	;qwerf@mail.ru	;sail
329;Igor	;rty@mail.ru	;sail
330;Lora	;ewrt@mail.ru	;kill
331;Igor	;feweqf@mail.ru	;kill
332;Lex	;ewrt@mail.ru	;work
333;Igor	;feweqf@mail.ru	;mod
334;Lex	;rty@mail.ru	;sail
335;Lora	;qwerf@mail.ru	;kill
336;Kate	;feweqf@mail.ru	;mod
337;Igor	;rty@mail.ru	;sail
338;Kate	;qwerf@mail.ru	;test
339;Max	;qwerf@mail.ru	;test
340;Lex	;ewrt@mail.ru	;mod
341;Igor	;ewrt@mail.ru	;sail
342;Lora	;ewrt@mail.ru	;work
343;Lora	;ewrt@mail.ru	;kill
344;Lora	;trtf@mail.ru	;kill
345;Kate	;feweqf@mail.ru	;sail
346;Rex	;feweqf@mail.ru	;test
347;Lex	;trtf@mail.ru	;cod
348;Max	;qwerf@mail.ru	;cod
349;Lex	;feweqf@mail.ru	;mod
350;Kate	;qwerf@mail.ru	;work
351;Kate	;fef@mail.ru	;cod
352;Lex	;ewrt@mail.ru	;cod
353;Lex	;qwerf@mail.ru	;test
354;Lex	;fef@mail.ru	;test
355;Rex	;rty@mail.ru	;sail
356;Igor	;feweqf@mail.ru	;kill
357;Kate	;ewrt@mail.ru	;work
358;Max	;qwerf@mail.ru	;kill
359;Lex	;feweqf@mail.ru	;sail
360;Kate	;trtf@mail.ru	;work
361;Max	;fef@mail.ru	;kill
362;Rex	;ewrt@mail.ru	;sail
363;Igor	;qwerf@mail.ru	;work
364;Lex	;rty@mail.ru	;work
365;Igor	;ewrt@mail.ru	;cod
366;Lex	;ewrt@mail.ru	;work
367;Igor	;qwerf@mail.ru	;work
368;Lex	;feweqf@mail.ru	;sail
369;Igor	;qwerf@mail.ru	;kill
370;Rex	;fef@mail.ru	;sail
371;Max	;feweqf@mail.ru	;work
372;Igor	;qwerf@mail.ru	;sail
373;Max	;fef@mail.ru	;kill
374;Igor	;fef@mail.ru	;mod
375;Igor	;fef@mail.ru	;cod
376;Rex	;feweqf@mail.ru	;work
377;Kate	;fef@mail.ru	;work
378;Lora	;fef@mail.ru	;test
379;Igor	;ewrt@mail.ru	;kill
380;Kate	;rty@mail.ru	;test
381;Max	;rty@mail.ru	;work
382;Kate	;fef@mail.ru	;test
383;Max	;qwerf@mail.ru	;sail
384;Kate	;qwerf@mail.ru	;kill
385;Kate	;rty@mail.ru	;test
386;Igor	;fef@mail.ru	;mod
387;Igor	;ewrt@mail.ru	;kill
388;Kate	;qwerf@mail.ru	;sail
389;Max	;fef@mail.ru	;mod
390;Rex	;feweqf@mail.ru	;sail
391;Lora	;fef@mail.ru	;work
392;Rex	;ewrt@mail.ru	;sail
393;Igor	;ewrt@mail.ru	;work
394;Rex	;trtf@mail.ru	;cod
395;Kate	;feweqf@mail.ru	;mod
396;Igor	;fef@mail.ru	;mod
397;Igor	;trtf@mail.ru	;cod
398;Kate	;fef@mail.ru	;work
399;Igor	;ewrt@mail.ru	;cod
400;Max	;trtf@mail.ru	;test
401;Max	;ewrt@mail.ru	;work
402;Rex	;fef@mail.ru	;mod
403;Igor	;rty@mail.ru	;cod
404;Kate	;qwerf@mail.ru	;sail
405;Max	;feweqf@mail.ru	;kill
406;Kate	;feweqf@mail.ru	;kill
407;Lora	;qwerf@mail.ru	;work
408;Lora	;ewrt@mail.ru	;test
409;Igor	;rty@mail.ru	;test
410;Max	;feweqf@mail.ru	;sail
411;Lora	;rty@mail.ru	;kill
412;Max	;feweqf@mail.ru	;mod
413;Max	;qwerf@mail.ru	;sail
414;Kate	;feweqf@mail.ru	;kill
415;Lora	;qwerf@mail.ru	;mod
416;Lex	;trtf@mail.ru	;kill
417;Rex	;qwerf@mail.ru	;kill
418;Max	;trtf@mail.ru	;test
419;Rex	;rty@mail.ru	;sail
420;Max	;fef@mail.ru	;kill
421;Rex	;feweqf@mail.ru	;test
422;Igor	;feweqf@mail.ru	;kill
423;Kate	;feweqf@mail.ru	;work
424;Lex	;trtf@mail.ru	;kill
425;Lex	;qwerf@mail.ru	;test
426;Max	;ewrt@mail.ru	;sail
427;Kate	;feweqf@mail.ru	;test
428;Lex	;fef@mail.ru	;cod
429;Max	;qwerf@mail.ru	;work
430;Lora	;rty@mail.ru	;kill
431;Igor	;ewrt@mail.ru	;test
432;Lex	;trtf@mail.ru	;sail
433;Rex	;fef@mail.ru	;sail
434;Rex	;trtf@mail.ru	;mod
435;Max	;rty@mail.ru	;cod
436;Kate	;fef@mail.ru	;kill
437;Kate	;qwerf@mail.ru	;mod
438;Max	;qwerf@mail.ru	;sail
439;Lex	;rty@mail.ru	;mod
440;Lex	;qwerf@mail.ru	;mod
441;Lex	;feweqf@mail.ru	;kill
442;Lora	;feweqf@mail.ru	;sail
443;Igor	;fef@mail.ru	;kill
444;Igor	;qwerf@mail.ru	;cod
445;Igor	;rty@mail.ru	;cod
446;Igor	;trtf@mail.ru	;test
447;Lora	;feweqf@mail.ru	;sail
448;Kate	;feweqf@mail.ru	;sail
449;Rex	;fef@mail.ru	;kill
450;Rex	;qwerf@mail.ru	;mod
451;Kate	;rty@mail.ru	;cod
452;Igor	;feweqf@mail.ru	;work
453;Max	;rty@mail.ru	;work
454;Rex	;feweqf@mail.ru	;cod
455;Lex	;ewrt@mail.ru	;kill
456;Lora	;rty@mail.ru	;cod
457;Igor	;qwerf@mail.ru	;cod
458;Rex	;ewrt@mail.ru	;cod
459;Max	;trtf@mail.ru	;cod
460;Rex	;qwerf@mail.ru	;cod
461;Lex	;trtf@mail.ru	;work
462;Igor	;rty@mail.ru	;cod
463;Igor	;rty@mail.ru	;sail
464;Max	;qwerf@mail.ru	;work
465;Max	;trtf@mail.ru	;test
466;Kate	;trtf@mail.ru	;work
467;Max	;feweqf@mail.ru	;cod
468;Igor	;rty@mail.ru	;sail
469;Lora	;trtf@mail.ru	;kill
470;Igor	;fef@mail.ru	;work
471;Lex	;fef@mail.ru	;work
472;Max	;ewrt@mail.ru	;sail
473;Max	;ewrt@mail.ru	;test
474;Kate	;trtf@mail.ru	;sail
475;Lex	;fef@mail.ru	;cod
476;Lex	;rty@mail.ru	;sail
477;Kate	;ewrt@mail.ru	;test
478;Kate	;rty@mail.ru	;cod
479;Lex	;feweqf@mail.ru	;sail
480;Max	;qwerf@mail.ru	;work
481;Kate	;rty@mail.ru	;test
482;Lora	;feweqf@mail.ru	;mod
483;Lex	;rty@mail.ru	;mod
484;Max	;feweqf@mail.ru	;sail
485;Kate	;trtf@mail.ru	;test
486;Rex	;feweqf@mail.ru	;sail
487;Igor	;feweqf@mail.ru	;kill
488;Igor	;rty@mail.ru	;test
489;Kate	;fef@mail.ru	;sail
490;Lora	;fef@mail.ru	;sail
491;Igor	;trtf@mail.ru	;kill
492;Max	;rty@mail.ru	;kill
493;Kate	;feweqf@mail.ru	;sail
494;Rex	;fef@mail.ru	;work
495;Lex	;qwerf@mail.ru	;cod
496;Rex	;ewrt@mail.ru	;cod
497;Rex	;fef@mail.ru	;work
498;Igor	;rty@mail.ru	;sail
499;Max	;qwerf@mail.ru	;mod
500;Lex	;rty@mail.ru	;sail
501;Lex	;feweqf@mail.ru	;test
502;Lora	;trtf@mail.ru	;test
503;Igor	;feweqf@mail.ru	;mod
504;Kate	;rty@mail.ru	;work
505;Max	;feweqf@mail.ru	;work
506;Lex	;feweqf@mail.ru	;sail
507;Kate	;qwerf@mail.ru	;test
508;Kate	;trtf@mail.ru	;kill
509;Max	;fef@mail.ru	;cod
510;Rex	;fef@mail.ru	;sail
511;Rex	;trtf@mail.ru	;mod
512;Rex	;rty@mail.ru	;sail
513;Kate	;ewrt@mail.ru	;cod
514;Rex	;qwerf@mail.ru	;mod
515;Kate	;fef@mail.ru	;mod
516;Lex	;qwerf@mail.ru	;mod
517;Kate	;trtf@mail.ru	;work
518;Rex	;trtf@mail.ru	;cod
519;Igor	;feweqf@mail.ru	;test
520;Igor	;qwerf@mail.ru	;test
521;Lex	;trtf@mail.ru	;work
522;Lora	;fef@mail.ru	;work
523;Max	;trtf@mail.ru	;work
524;Lex	;qwerf@mail.ru	;sail
525;Max	;ewrt@mail.ru	;mod
526;Max	;fef@mail.ru	;cod
527;Igor	;trtf@mail.ru	;kill
528;Rex	;fef@mail.ru	;kill
529;Lex	;rty@mail.ru	;sail
530;Igor	;fef@mail.ru	;work
531;Lora	;ewrt@mail.ru	;work
532;Lex	;feweqf@mail.ru	;kill
533;Lora	;feweqf@mail.ru	;mod
534;Rex	;rty@mail.ru	;kill
535;Lora	;trtf@mail.ru	;mod
536;Max	;feweqf@mail.ru	;mod
537;Lex	;trtf@mail.ru	;kill
538;Lex	;fef@mail.ru	;test
539;Max	;trtf@mail.ru	;sail
540;Rex	;rty@mail.ru	;kill
541;Lex	;trtf@mail.ru	;test
542;Rex	;feweqf@mail.ru	;work
543;Igor	;feweqf@mail.ru	;mod
544;Lex	;ewrt@mail.ru	;kill
545;Igor	;ewrt@mail.ru	;kill
546;Lex	;rty@mail.ru	;kill
547;Lora	;ewrt@mail.ru	;kill
548;Igor	;fef@mail.ru	;mod
549;Kate	;ewrt@mail.ru	;test
550;Kate	;rty@mail.ru	;work
551;Lex	;rty@mail.ru	;work
552;Kate	;ewrt@mail.ru	;work
553;Lex	;rty@mail.ru	;kill
554;Lex	;qwerf@mail.ru	;mod
555;Max	;ewrt@mail.ru	;test
556;Lex	;rty@mail.ru	;test
557;Lex	;qwerf@mail.ru	;mod
558;Igor	;feweqf@mail.ru	;test
559;Lex	;rty@mail.ru	;cod
560;Kate	;ewrt@mail.ru	;sail
561;Max	;ewrt@mail.ru	;sail
562;Igor	;fef@mail.ru	;mod
563;Kate	;feweqf@mail.ru	;cod
564;Lora	;fef@mail.ru	;mod
565;Lora	;fef@mail.ru	;work
566;Igor	;fef@mail.ru	;cod
567;Rex	;rty@mail.ru	;cod
568;Max	;trtf@mail.ru	;work
569;Igor	;qwerf@mail.ru	;sail
570;Kate	;ewrt@mail.ru	;test
571;Lora	;ewrt@mail.ru	;test
572;Lex	;trtf@mail.ru	;sail
573;Lora	;trtf@mail.ru	;test
574;Igor	;fef@mail.ru	;sail
575;Max	;trtf@mail.ru	;cod
576;Lex	;feweqf@mail.ru	;sail
577;Rex	;qwerf@mail.ru	;work
578;Igor	;ewrt@mail.ru	;cod
579;Max	;rty@mail.ru	;cod
580;Rex	;trtf@mail.ru	;test
581;Igor	;qwerf@mail.ru	;sail
582;Lora	;fef@mail.ru	;kill
583;Rex	;trtf@mail.ru	;cod
584;Lex	;feweqf@mail.ru	;cod
585;Igor	;rty@mail.ru	;cod
586;Lora	;fef@mail.ru	;kill
587;Rex	;qwerf@mail.ru	;cod
588;Rex	;qwerf@mail.ru	;test
589;Lex	;trtf@mail.ru	;sail
590;Max	;qwerf@mail.ru	;sail
591;Igor	;rty@mail.ru	;work
592;Lex	;trtf@mail.ru	;work
593;Max	;qwerf@mail.ru	;work
594;Max	;fef@mail.ru	;sail
595;Lora	;ewrt@mail.ru	;test
596;Kate	;ewrt@mail.ru	;kill
597;Igor	;fef@mail.ru	;cod
598;Rex	;trtf@mail.ru	;cod
599;Rex	;trtf@mail.ru	;cod
600;Kate	;ewrt@mail.ru	;mod
601;Igor	;ewrt@mail.ru	;cod
602;Lex	;rty@mail.ru	;mod
603;Kate	;fef@mail.ru	;cod
604;Kate	;fef@mail.ru	;work
605;Rex	;rty@mail.ru	;mod
606;Lora	;fef@mail.ru	;kill
607;Lex	;feweqf@mail.ru	;mod
608;Max	;rty@mail.ru	;test
609;Lex	;ewrt@mail.ru	;work
610;Rex	;ewrt@mail.ru	;test
611;Igor	;trtf@mail.ru	;cod
612;Kate	;fef@mail.ru	;cod
613;Max	;rty@mail.ru	;test
614;Rex	;qwerf@mail.ru	;sail
615;Rex	;qwerf@mail.ru	;work
616;Max	;rty@mail.ru	;work
617;Lex	;rty@mail.ru	;sail
618;Max	;rty@mail.ru	;kill
619;Igor	;trtf@mail.ru	;mod
620;Rex	;feweqf@mail.ru	;work
621;Rex	;fef@mail.ru	;mod
622;Igor	;feweqf@mail.ru	;mod
623;Rex	;fef@mail.ru	;kill
624;Igor	;trtf@mail.ru	;work
625;Lex	;qwerf@mail.ru	;work
626;Igor	;ewrt@mail.ru	;test
627;Rex	;qwerf@mail.ru	;mod
628;Max	;ewrt@mail.ru	;test
629;Max	;rty@mail.ru	;sail
630;Lex	;feweqf@mail.ru	;cod
631;Lex	;rty@mail.ru	;sail
632;Igor	;rty@mail.ru	;mod
633;Igor	;feweqf@mail.ru	;test
634;Lora	;rty@mail.ru	;mod
635;Lex	;feweqf@mail.ru	;mod
636;Lex	;qwerf@mail.ru	;sail
637;Lora	;rty@mail.ru	;mod
638;Igor	;rty@mail.ru	;cod
639;Lex	;rty@mail.ru	;cod
640;Lora	;trtf@mail.ru	;cod
641;Igor	;fef@mail.ru	;kill
642;Rex	;fef@mail.ru	;kill
643;Lex	;rty@mail.ru	;kill
644;Lora	;ewrt@mail.ru	;test
645;Lora	;rty@mail.ru	;kill
646;Max	;qwerf@mail.ru	;sail
647;Kate	;rty@mail.ru	;test
648;Rex	;qwerf@mail.ru	;test
649;Rex	;trtf@mail.ru	;kill
650;Lora	;qwerf@mail.ru	;cod
651;Lora	;ewrt@mail.ru	;sail
652;Lora	;trtf@mail.ru	;mod
653;Lex	;rty@mail.ru	;sail
654;Kate	;trtf@mail.ru	;work
655;Max	;feweqf@mail.ru	;test
656;Lora	;fef@mail.ru	;cod
657;Max	;trtf@mail.ru	;cod
658;Kate	;qwerf@mail.ru	;mod
659;Lex	;qwerf@mail.ru	;mod
660;Lora	;feweqf@mail.ru	;work
661;Lex	;ewrt@mail.ru	;kill
662;Kate	;rty@mail.ru	;cod
663;Lora	;qwerf@mail.ru	;sail
664;Rex	;qwerf@mail.ru	;sail
665;Lora	;ewrt@mail.ru	;mod
666;Rex	;fef@mail.ru	;mod
667;Rex	;ewrt@mail.ru	;cod
668;Lex	;ewrt@mail.ru	;mod
669;Kate	;rty@mail.ru	;cod
670;Igor	;qwerf@mail.ru	;sail
671;Kate	;qwerf@mail.ru	;mod
672;Igor	;feweqf@mail.ru	;test
673;Kate	;feweqf@mail.ru	;sail
674;Kate	;rty@mail.ru	;test
675;Rex	;ewrt@mail.ru	;work
676;Igor	;qwerf@mail.ru	;sail
677;Lex	;trtf@mail.ru	;sail
678;Lora	;feweqf@mail.ru	;mod
679;Lora	;feweqf@mail.ru	;sail
680;Kate	;qwerf@mail.ru	;test
681;Rex	;rty@mail.ru	;cod
682;Max	;trtf@mail.ru	;mod
683;Max	;rty@mail.ru	;mod
684;Igor	;qwerf@mail.ru	;mod
685;Lora	;qwerf@mail.ru	;test
686;Max	;ewrt@mail.ru	;cod
687;Igor	;fef@mail.ru	;sail
688;Rex	;qwerf@mail.ru	;test
689;Lex	;trtf@mail.ru	;mod
690;Igor	;trtf@mail.ru	;cod
691;Rex	;qwerf@mail.ru	;test
692;Kate	;ewrt@mail.ru	;test
693;Lex	;qwerf@mail.ru	;test
694;Max	;feweqf@mail.ru	;sail
695;Lex	;ewrt@mail.ru	;test
696;Lex	;feweqf@mail.ru	;work
697;Lora	;feweqf@mail.ru	;cod
698;Max	;fef@mail.ru	;cod
699;Kate	;trtf@mail.ru	;mod
700;Igor	;qwerf@mail.ru	;test
701;Igor	;qwerf@mail.ru	;sail
702;Lex	;rty@mail.ru	;kill
703;Rex	;rty@mail.ru	;work
704;Lora	;qwerf@mail.ru	;mod
705;Lora	;trtf@mail.ru	;kill
706;Kate	;rty@mail.ru	;test
707;Kate	;fef@mail.ru	;work
708;Rex	;trtf@mail.ru	;mod
709;Lora	;qwerf@mail.ru	;test
710;Rex	;ewrt@mail.ru	;kill
711;Rex	;trtf@mail.ru	;cod
712;Rex	;ewrt@mail.ru	;cod
713;Igor	;ewrt@mail.ru	;sail
714;Lex	;ewrt@mail.ru	;test
715;Rex	;ewrt@mail.ru	;work
716;Lex	;ewrt@mail.ru	;test
717;Igor	;fef@mail.ru	;kill
718;Kate	;rty@mail.ru	;cod
719;Max	;fef@mail.ru	;kill
720;Rex	;trtf@mail.ru	;test
721;Lex	;feweqf@mail.ru	;work
722;Lora	;rty@mail.ru	;work
723;Rex	;feweqf@mail.ru	;kill
724;Igor	;rty@mail.ru	;cod
725;Max	;ewrt@mail.ru	;mod
726;Lora	;ewrt@mail.ru	;test
727;Rex	;feweqf@mail.ru	;sail
728;Lora	;feweqf@mail.ru	;sail
729;Igor	;rty@mail.ru	;mod
730;Kate	;qwerf@mail.ru	;kill
731;Igor	;ewrt@mail.ru	;work
732;Kate	;fef@mail.ru	;sail
733;Lora	;ewrt@mail.ru	;mod
734;Lora	;feweqf@mail.ru	;test
735;Kate	;qwerf@mail.ru	;sail
736;Rex	;qwerf@mail.ru	;sail
737;Rex	;rty@mail.ru	;test
738;Lora	;trtf@mail.ru	;cod
739;Lex	;qwerf@mail.ru	;work
740;Kate	;qwerf@mail.ru	;work
741;Max	;feweqf@mail.ru	;work
742;Max	;rty@mail.ru	;cod
743;Max	;fef@mail.ru	;work
744;Lex	;feweqf@mail.ru	;kill
745;Lex	;fef@mail.ru	;test
746;Rex	;feweqf@mail.ru	;test
747;Rex	;qwerf@mail.ru	;sail
748;Igor	;ewrt@mail.ru	;mod
749;Kate	;feweqf@mail.ru	;sail
750;Lora	;qwerf@mail.ru	;work
751;Max	;trtf@mail.ru	;kill
752;Max	;rty@mail.ru	;cod
753;Igor	;qwerf@mail.ru	;test
754;Kate	;qwerf@mail.ru	;cod
755;Lora	;qwerf@mail.ru	;cod
756;Max	;feweqf@mail.ru	;work
757;Lora	;trtf@mail.ru	;kill
758;Kate	;feweqf@mail.ru	;cod
759;Lex	;ewrt@mail.ru	;mod
760;Max	;rty@mail.ru	;cod
761;Kate	;fef@mail.ru	;test
762;Lora	;qwerf@mail.ru	;mod
763;Lex	;fef@mail.ru	;sail
764;Igor	;rty@mail.ru	;test
765;Lora	;feweqf@mail.ru	;kill
766;Lex	;trtf@mail.ru	;sail
767;Kate	;trtf@mail.ru	;kill
768;Igor	;rty@mail.ru	;kill
769;Lora	;feweqf@mail.ru	;test
770;Igor	;rty@mail.ru	;mod
771;Max	;ewrt@mail.ru	;mod
772;Kate	;qwerf@mail.ru	;mod
773;Max	;qwerf@mail.ru	;kill
774;Max	;ewrt@mail.ru	;test
775;Igor	;trtf@mail.ru	;test
776;Igor	;trtf@mail.ru	;work
777;Lex	;fef@mail.ru	;kill
778;Kate	;trtf@mail.ru	;mod
779;Lex	;fef@mail.ru	;cod
780;Rex	;fef@mail.ru	;mod
781;Max	;feweqf@mail.ru	;sail
782;Kate	;feweqf@mail.ru	;cod
783;Lora	;fef@mail.ru	;kill
784;Rex	;fef@mail.ru	;mod
785;Igor	;qwerf@mail.ru	;work
786;Kate	;ewrt@mail.ru	;work
787;Rex	;feweqf@mail.ru	;kill
788;Igor	;ewrt@mail.ru	;test
789;Lora	;feweqf@mail.ru	;kill
790;Max	;trtf@mail.ru	;mod
791;Lora	;qwerf@mail.ru	;test
792;Max	;fef@mail.ru	;test
793;Kate	;ewrt@mail.ru	;cod
794;Igor	;qwerf@mail.ru	;work
795;Rex	;qwerf@mail.ru	;cod
796;Kate	;feweqf@mail.ru	;kill
797;Max	;feweqf@mail.ru	;test
798;Lex	;ewrt@mail.ru	;kill
799;Rex	;feweqf@mail.ru	;sail
800;Max	;fef@mail.ru	;sail
801;Kate	;trtf@mail.ru	;kill
802;Lora	;fef@mail.ru	;kill
803;Max	;rty@mail.ru	;work
804;Kate	;feweqf@mail.ru	;sail
805;Lora	;feweqf@mail.ru	;work
806;Max	;rty@mail.ru	;sail
807;Kate	;fef@mail.ru	;mod
808;Kate	;feweqf@mail.ru	;kill
809;Igor	;qwerf@mail.ru	;sail
810;Igor	;ewrt@mail.ru	;work
811;Max	;qwerf@mail.ru	;kill
812;Lora	;trtf@mail.ru	;cod
813;Lex	;trtf@mail.ru	;mod
814;Kate	;feweqf@mail.ru	;work
815;Lex	;ewrt@mail.ru	;test
816;Lex	;trtf@mail.ru	;mod
817;Rex	;qwerf@mail.ru	;work
818;Max	;feweqf@mail.ru	;work
819;Lora	;fef@mail.ru	;kill
820;Max	;feweqf@mail.ru	;test
821;Rex	;ewrt@mail.ru	;cod
822;Kate	;qwerf@mail.ru	;cod
823;Lora	;ewrt@mail.ru	;sail
824;Rex	;ewrt@mail.ru	;cod
825;Max	;trtf@mail.ru	;work
826;Igor	;qwerf@mail.ru	;mod
827;Max	;feweqf@mail.ru	;work
828;Igor	;ewrt@mail.ru	;cod
829;Max	;ewrt@mail.ru	;cod
830;Kate	;feweqf@mail.ru	;sail
831;Rex	;qwerf@mail.ru	;mod
832;Kate	;qwerf@mail.ru	;mod
833;Igor	;trtf@mail.ru	;mod
834;Igor	;fef@mail.ru	;work
835;Igor	;qwerf@mail.ru	;test
836;Kate	;rty@mail.ru	;work
837;Kate	;ewrt@mail.ru	;test
838;Igor	;fef@mail.ru	;kill
839;Max	;ewrt@mail.ru	;cod
840;Lora	;feweqf@mail.ru	;cod
841;Lora	;fef@mail.ru	;kill
842;Igor	;fef@mail.ru	;kill
843;Max	;fef@mail.ru	;kill
844;Max	;qwerf@mail.ru	;work
845;Lora	;trtf@mail.ru	;test
846;Max	;feweqf@mail.ru	;test
847;Igor	;rty@mail.ru	;mod
848;Kate	;fef@mail.ru	;work
849;Rex	;rty@mail.ru	;kill
850;Kate	;rty@mail.ru	;cod
851;Lex	;feweqf@mail.ru	;cod
852;Lora	;ewrt@mail.ru	;kill
853;Max	;rty@mail.ru	;sail
854;Rex	;feweqf@mail.ru	;sail
855;Lora	;ewrt@mail.ru	;kill
856;Lora	;fef@mail.ru	;work
857;Kate	;feweqf@mail.ru	;cod
858;Kate	;trtf@mail.ru	;mod
859;Lex	;fef@mail.ru	;sail
860;Lex	;qwerf@mail.ru	;test
861;Max	;ewrt@mail.ru	;mod
862;Igor	;fef@mail.ru	;kill
863;Lora	;feweqf@mail.ru	;cod
864;Igor	;feweqf@mail.ru	;work
865;Rex	;qwerf@mail.ru	;kill
866;Lora	;qwerf@mail.ru	;sail
867;Kate	;qwerf@mail.ru	;kill
868;Max	;feweqf@mail.ru	;work
869;Lex	;ewrt@mail.ru	;sail
870;Igor	;feweqf@mail.ru	;kill
871;Max	;ewrt@mail.ru	;mod
872;Kate	;feweqf@mail.ru	;mod
873;Lex	;rty@mail.ru	;sail
874;Rex	;fef@mail.ru	;cod
875;Max	;rty@mail.ru	;cod
876;Igor	;feweqf@mail.ru	;mod
877;Kate	;qwerf@mail.ru	;test
878;Lora	;fef@mail.ru	;kill
879;Max	;rty@mail.ru	;test
880;Kate	;fef@mail.ru	;mod
881;Lora	;feweqf@mail.ru	;work
882;Igor	;feweqf@mail.ru	;work
883;Lora	;feweqf@mail.ru	;test
884;Max	;ewrt@mail.ru	;cod
885;Rex	;qwerf@mail.ru	;kill
886;Kate	;fef@mail.ru	;test
887;Rex	;trtf@mail.ru	;mod
888;Kate	;qwerf@mail.ru	;sail
889;Max	;rty@mail.ru	;mod
890;Igor	;feweqf@mail.ru	;sail
891;Igor	;ewrt@mail.ru	;work
892;Rex	;feweqf@mail.ru	;cod
893;Lora	;qwerf@mail.ru	;cod
894;Max	;fef@mail.ru	;cod
895;Igor	;ewrt@mail.ru	;kill
896;Rex	;fef@mail.ru	;sail
897;Igor	;feweqf@mail.ru	;sail
898;Kate	;rty@mail.ru	;cod
899;Lora	;fef@mail.ru	;work
900;Lora	;trtf@mail.ru	;work
901;Max	;rty@mail.ru	;work
902;Igor	;fef@mail.ru	;cod
903;Lora	;ewrt@mail.ru	;work
904;Rex	;fef@mail.ru	;test
905;Lora	;qwerf@mail.ru	;kill
906;Igor	;feweqf@mail.ru	;work
907;Igor	;rty@mail.ru	;kill
908;Rex	;fef@mail.ru	;test
909;Lex	;feweqf@mail.ru	;cod
910;Max	;ewrt@mail.ru	;test
911;Max	;trtf@mail.ru	;work
912;Lex	;rty@mail.ru	;test
913;Igor	;rty@mail.ru	;kill
914;Igor	;feweqf@mail.ru	;cod
915;Max	;rty@mail.ru	;cod
916;Max	;ewrt@mail.ru	;sail
917;Max	;feweqf@mail.ru	;kill
918;Lora	;rty@mail.ru	;kill
919;Lora	;fef@mail.ru	;mod
920;Igor	;trtf@mail.ru	;cod
921;Lex	;qwerf@mail.ru	;test
922;Rex	;ewrt@mail.ru	;sail
923;Lex	;trtf@mail.ru	;mod
924;Lex	;ewrt@mail.ru	;kill
925;Igor	;qwerf@mail.ru	;kill
926;Max	;qwerf@mail.ru	;mod
927;Max	;fef@mail.ru	;cod
928;Rex	;rty@mail.ru	;kill
929;Igor	;qwerf@mail.ru	;test
930;Lex	;rty@mail.ru	;cod
931;Kate	;ewrt@mail.ru	;test
932;Igor	;feweqf@mail.ru	;kill
933;Rex	;rty@mail.ru	;cod
934;Igor	;trtf@mail.ru	;kill
935;Lora	;fef@mail.ru	;mod
936;Kate	;fef@mail.ru	;work
937;Lex	;trtf@mail.ru	;sail
938;Igor	;qwerf@mail.ru	;sail
939;Lora	;ewrt@mail.ru	;mod
940;Max	;fef@mail.ru	;kill
941;Lora	;trtf@mail.ru	;mod
942;Lex	;feweqf@mail.ru	;kill
943;Lora	;feweqf@mail.ru	;sail
944;Lora	;rty@mail.ru	;work
945;Max	;ewrt@mail.ru	;kill
946;Lora	;ewrt@mail.ru	;sail
947;Igor	;feweqf@mail.ru	;test
948;Lex	;ewrt@mail.ru	;mod
949;Max	;trtf@mail.ru	;test
950;Kate	;rty@mail.ru	;cod
951;Kate	;trtf@mail.ru	;work
952;Kate	;feweqf@mail.ru	;sail
953;Kate	;fef@mail.ru	;cod
954;Kate	;rty@mail.ru	;sail
955;Kate	;qwerf@mail.ru	;kill
956;Lex	;qwerf@mail.ru	;mod
957;Lora	;qwerf@mail.ru	;mod
958;Kate	;feweqf@mail.ru	;mod
959;Lora	;trtf@mail.ru	;kill
960;Lora	;qwerf@mail.ru	;cod
961;Lora	;qwerf@mail.ru	;cod
962;Rex	;rty@mail.ru	;sail
963;Rex	;fef@mail.ru	;sail
964;Lora	;feweqf@mail.ru	;test
965;Max	;qwerf@mail.ru	;mod
966;Lex	;feweqf@mail.ru	;mod
967;Kate	;qwerf@mail.ru	;cod
968;Lora	;qwerf@mail.ru	;test
969;Rex	;trtf@mail.ru	;mod
970;Igor	;feweqf@mail.ru	;mod
971;Igor	;rty@mail.ru	;sail
972;Max	;ewrt@mail.ru	;test
973;Igor	;trtf@mail.ru	;work
974;Rex	;fef@mail.ru	;sail
975;Lex	;qwerf@mail.ru	;mod
976;Rex	;fef@mail.ru	;kill
977;Kate	;trtf@mail.ru	;sail
978;Max	;rty@mail.ru	;kill
979;Igor	;trtf@mail.ru	;sail
980;Max	;fef@mail.ru	;sail
981;Rex	;qwerf@mail.ru	;cod
982;Igor	;trtf@mail.ru	;kill
983;Rex	;trtf@mail.ru	;cod
984;Rex	;qwerf@mail.ru	;work
985;Igor	;trtf@mail.ru	;cod
986;Rex	;fef@mail.ru	;test
987;Max	;fef@mail.ru	;mod
988;Kate	;trtf@mail.ru	;kill
989;Igor	;feweqf@mail.ru	;mod
990;Kate	;rty@mail.ru	;sail
991;Lora	;qwerf@mail.ru	;mod
992;Igor	;qwerf@mail.ru	;mod
993;Kate	;rty@mail.ru	;cod
994;Kate	;ewrt@mail.ru	;cod
995;Max	;fef@mail.ru	;mod
996;Kate	;rty@mail.ru	;work
997;Rex	;qwerf@mail.ru	;test
998;Igor	;qwerf@mail.ru	;sail
999;Igor	;ewrt@mail.ru	;cod
1000;Igor	;rty@mail.ru	;sail
1001;Igor	;feweqf@mail.ru	;test
