ID;Names;@mail;number
1;Max;fef@mail.ru;+7 913 123 64 12
2;Kate;qwerf@mail.ru;+7 913 517 33 68
3;Lora;trtf@mail.ru;+7 913 643 43 23
4;Igor;feweqf@mail.ru;+7 913 537 12 75
5;Rex;feweqf@mail.ru;+7 913 643 43 23
6;Lex;qwerf@mail.ru;+7 913 123 64 12
7;Lex;qwerf@mail.ru;+7 913 643 43 23
8;Lex;rty@mail.ru;+7 913 564 23 98
9;Max;ewrt@mail.ru;+7 913 517 33 68
10;Lora;trtf@mail.ru;+7 913 010 37 23
11;Kate;fef@mail.ru;+7 913 010 37 23
12;Lex;ewrt@mail.ru;+7 913 517 33 68
13;Lex;qwerf@mail.ru;+7 913 010 37 23
14;Kate;ewrt@mail.ru;+7 913 643 43 23
15;Rex;qwerf@mail.ru;+7 913 564 23 98
16;Igor;trtf@mail.ru;+7 913 123 64 12
17;Lora;ewrt@mail.ru;+7 913 564 23 98
18;Rex;trtf@mail.ru;+7 913 564 23 98
19;Igor;trtf@mail.ru;+7 913 643 43 23
20;Rex;fef@mail.ru;+7 913 123 64 12
21;Kate;rty@mail.ru;+7 913 010 37 23
22;Kate;rty@mail.ru;+7 913 564 23 98
23;Lex;rty@mail.ru;+7 913 517 33 68
24;Lex;feweqf@mail.ru;+7 913 537 12 75
25;Lora;ewrt@mail.ru;+7 913 643 43 23
26;Lora;fef@mail.ru;+7 913 643 43 23
27;Rex;trtf@mail.ru;+7 913 564 23 98
28;Lex;qwerf@mail.ru;+7 913 517 33 68
29;Rex;trtf@mail.ru;+7 913 010 37 23
30;Max;trtf@mail.ru;+7 913 517 33 68
31;Lex;rty@mail.ru;+7 913 643 43 23
32;Lora;qwerf@mail.ru;+7 913 643 43 23
33;Max;trtf@mail.ru;+7 913 537 12 75
34;Kate;ewrt@mail.ru;+7 913 010 37 23
35;Igor;fef@mail.ru;+7 913 517 33 68
36;Lex;ewrt@mail.ru;+7 913 010 37 23
37;Kate;feweqf@mail.ru;+7 913 564 23 98
38;Kate;trtf@mail.ru;+7 913 517 33 68
39;Lora;feweqf@mail.ru;+7 913 517 33 68
40;Lex;ewrt@mail.ru;+7 913 123 64 12
41;Lex;rty@mail.ru;+7 913 010 37 23
42;Kate;ewrt@mail.ru;+7 913 537 12 75
43;Lex;ewrt@mail.ru;+7 913 010 37 23
44;Kate;rty@mail.ru;+7 913 517 33 68
45;Rex;qwerf@mail.ru;+7 913 123 64 12
46;Max;qwerf@mail.ru;+7 913 537 12 75
47;Kate;trtf@mail.ru;+7 913 517 33 68
48;Rex;fef@mail.ru;+7 913 564 23 98
49;Lex;rty@mail.ru;+7 913 123 64 12
50;Igor;rty@mail.ru;+7 913 564 23 98
51;Lora;fef@mail.ru;+7 913 537 12 75
52;Rex;ewrt@mail.ru;+7 913 010 37 23
53;Kate;fef@mail.ru;+7 913 010 37 23
54;Lex;trtf@mail.ru;+7 913 537 12 75
55;Rex;qwerf@mail.ru;+7 913 010 37 23
56;Kate;feweqf@mail.ru;+7 913 517 33 68
57;Rex;ewrt@mail.ru;+7 913 517 33 68
58;Rex;fef@mail.ru;+7 913 010 37 23
59;Max;trtf@mail.ru;+7 913 123 64 12
60;Kate;rty@mail.ru;+7 913 010 37 23
61;Igor;rty@mail.ru;+7 913 564 23 98
62;Lora;fef@mail.ru;+7 913 643 43 23
63;Rex;feweqf@mail.ru;+7 913 643 43 23
64;Rex;fef@mail.ru;+7 913 010 37 23
65;Rex;fef@mail.ru;+7 913 010 37 23
66;Kate;rty@mail.ru;+7 913 564 23 98
67;Kate;trtf@mail.ru;+7 913 564 23 98
68;Kate;fef@mail.ru;+7 913 123 64 12
69;Igor;qwerf@mail.ru;+7 913 123 64 12
70;Kate;qwerf@mail.ru;+7 913 643 43 23
71;Lex;rty@mail.ru;+7 913 010 37 23
72;Igor;feweqf@mail.ru;+7 913 564 23 98
73;Rex;qwerf@mail.ru;+7 913 010 37 23
74;Rex;trtf@mail.ru;+7 913 564 23 98
75;Igor;qwerf@mail.ru;+7 913 537 12 75
76;Igor;ewrt@mail.ru;+7 913 537 12 75
77;Max;qwerf@mail.ru;+7 913 123 64 12
78;Max;ewrt@mail.ru;+7 913 517 33 68
79;Kate;rty@mail.ru;+7 913 010 37 23
80;Igor;ewrt@mail.ru;+7 913 643 43 23
81;Max;feweqf@mail.ru;+7 913 517 33 68
82;Kate;ewrt@mail.ru;+7 913 123 64 12
83;Lex;rty@mail.ru;+7 913 643 43 23
84;Rex;qwerf@mail.ru;+7 913 564 23 98
85;Kate;ewrt@mail.ru;+7 913 537 12 75
86;Igor;fef@mail.ru;+7 913 517 33 68
87;Max;trtf@mail.ru;+7 913 123 64 12
88;Igor;feweqf@mail.ru;+7 913 643 43 23
89;Lora;rty@mail.ru;+7 913 537 12 75
90;Igor;fef@mail.ru;+7 913 123 64 12
91;Rex;rty@mail.ru;+7 913 643 43 23
92;Lora;ewrt@mail.ru;+7 913 643 43 23
93;Kate;qwerf@mail.ru;+7 913 010 37 23
94;Kate;trtf@mail.ru;+7 913 123 64 12
95;Max;qwerf@mail.ru;+7 913 564 23 98
96;Rex;feweqf@mail.ru;+7 913 010 37 23
97;Igor;feweqf@mail.ru;+7 913 010 37 23
98;Lora;rty@mail.ru;+7 913 564 23 98
99;Rex;rty@mail.ru;+7 913 643 43 23
100;Lora;qwerf@mail.ru;+7 913 123 64 12
101;Lex;feweqf@mail.ru;+7 913 123 64 12
102;Kate;fef@mail.ru;+7 913 537 12 75
103;Igor;fef@mail.ru;+7 913 537 12 75
104;Rex;ewrt@mail.ru;+7 913 643 43 23
105;Lora;fef@mail.ru;+7 913 517 33 68
106;Igor;fef@mail.ru;+7 913 564 23 98
107;Lora;trtf@mail.ru;+7 913 643 43 23
108;Rex;feweqf@mail.ru;+7 913 123 64 12
109;Rex;rty@mail.ru;+7 913 643 43 23
110;Kate;trtf@mail.ru;+7 913 517 33 68
111;Max;trtf@mail.ru;+7 913 564 23 98
112;Lex;trtf@mail.ru;+7 913 010 37 23
113;Max;ewrt@mail.ru;+7 913 123 64 12
114;Kate;trtf@mail.ru;+7 913 564 23 98
115;Rex;trtf@mail.ru;+7 913 517 33 68
116;Rex;qwerf@mail.ru;+7 913 517 33 68
117;Lora;qwerf@mail.ru;+7 913 537 12 75
118;Lex;fef@mail.ru;+7 913 564 23 98
119;Igor;fef@mail.ru;+7 913 564 23 98
120;Kate;fef@mail.ru;+7 913 123 64 12
121;Igor;ewrt@mail.ru;+7 913 564 23 98
122;Rex;feweqf@mail.ru;+7 913 537 12 75
123;Rex;fef@mail.ru;+7 913 123 64 12
124;Lora;feweqf@mail.ru;+7 913 010 37 23
125;Rex;rty@mail.ru;+7 913 010 37 23
126;Max;qwerf@mail.ru;+7 913 537 12 75
127;Rex;rty@mail.ru;+7 913 564 23 98
128;Kate;qwerf@mail.ru;+7 913 123 64 12
129;Lora;trtf@mail.ru;+7 913 564 23 98
130;Max;feweqf@mail.ru;+7 913 643 43 23
131;Igor;fef@mail.ru;+7 913 010 37 23
132;Rex;qwerf@mail.ru;+7 913 537 12 75
133;Kate;qwerf@mail.ru;+7 913 010 37 23
134;Rex;feweqf@mail.ru;+7 913 537 12 75
135;Lex;ewrt@mail.ru;+7 913 643 43 23
136;Kate;qwerf@mail.ru;+7 913 564 23 98
137;Igor;feweqf@mail.ru;+7 913 564 23 98
138;Lex;ewrt@mail.ru;+7 913 517 33 68
139;Max;feweqf@mail.ru;+7 913 537 12 75
140;Max;fef@mail.ru;+7 913 643 43 23
141;Lora;rty@mail.ru;+7 913 643 43 23
142;Lex;trtf@mail.ru;+7 913 643 43 23
143;Kate;qwerf@mail.ru;+7 913 517 33 68
144;Kate;ewrt@mail.ru;+7 913 010 37 23
145;Lora;trtf@mail.ru;+7 913 564 23 98
146;Lora;feweqf@mail.ru;+7 913 643 43 23
147;Lex;rty@mail.ru;+7 913 643 43 23
148;Lex;ewrt@mail.ru;+7 913 517 33 68
149;Lex;qwerf@mail.ru;+7 913 564 23 98
150;Kate;feweqf@mail.ru;+7 913 537 12 75
151;Lora;feweqf@mail.ru;+7 913 537 12 75
152;Max;qwerf@mail.ru;+7 913 123 64 12
153;Lora;qwerf@mail.ru;+7 913 564 23 98
154;Kate;ewrt@mail.ru;+7 913 123 64 12
155;Kate;rty@mail.ru;+7 913 517 33 68
156;Lex;ewrt@mail.ru;+7 913 517 33 68
157;Rex;trtf@mail.ru;+7 913 517 33 68
158;Rex;fef@mail.ru;+7 913 517 33 68
159;Lora;fef@mail.ru;+7 913 517 33 68
160;Lora;ewrt@mail.ru;+7 913 537 12 75
161;Lex;trtf@mail.ru;+7 913 537 12 75
162;Lora;qwerf@mail.ru;+7 913 123 64 12
163;Kate;feweqf@mail.ru;+7 913 010 37 23
164;Lora;qwerf@mail.ru;+7 913 010 37 23
165;Lora;fef@mail.ru;+7 913 643 43 23
166;Max;trtf@mail.ru;+7 913 564 23 98
167;Lex;rty@mail.ru;+7 913 564 23 98
168;Kate;fef@mail.ru;+7 913 564 23 98
169;Lex;trtf@mail.ru;+7 913 010 37 23
170;Lex;ewrt@mail.ru;+7 913 123 64 12
171;Lora;rty@mail.ru;+7 913 123 64 12
172;Igor;fef@mail.ru;+7 913 010 37 23
173;Igor;ewrt@mail.ru;+7 913 517 33 68
174;Igor;feweqf@mail.ru;+7 913 010 37 23
175;Max;feweqf@mail.ru;+7 913 010 37 23
176;Rex;feweqf@mail.ru;+7 913 010 37 23
177;Lora;trtf@mail.ru;+7 913 517 33 68
178;Kate;fef@mail.ru;+7 913 564 23 98
179;Lora;qwerf@mail.ru;+7 913 123 64 12
180;Rex;feweqf@mail.ru;+7 913 123 64 12
181;Kate;trtf@mail.ru;+7 913 123 64 12
182;Igor;ewrt@mail.ru;+7 913 537 12 75
183;Kate;trtf@mail.ru;+7 913 010 37 23
184;Lora;rty@mail.ru;+7 913 537 12 75
185;Igor;feweqf@mail.ru;+7 913 643 43 23
186;Rex;trtf@mail.ru;+7 913 564 23 98
187;Igor;fef@mail.ru;+7 913 517 33 68
188;Igor;ewrt@mail.ru;+7 913 537 12 75
189;Kate;rty@mail.ru;+7 913 643 43 23
190;Max;feweqf@mail.ru;+7 913 564 23 98
191;Lex;fef@mail.ru;+7 913 643 43 23
192;Kate;qwerf@mail.ru;+7 913 643 43 23
193;Kate;fef@mail.ru;+7 913 123 64 12
194;Lora;trtf@mail.ru;+7 913 123 64 12
195;Kate;rty@mail.ru;+7 913 123 64 12
196;Lora;ewrt@mail.ru;+7 913 537 12 75
197;Lora;fef@mail.ru;+7 913 643 43 23
198;Lex;rty@mail.ru;+7 913 537 12 75
199;Lora;qwerf@mail.ru;+7 913 643 43 23
200;Igor;trtf@mail.ru;+7 913 517 33 68
201;Max;trtf@mail.ru;+7 913 537 12 75
202;Max;qwerf@mail.ru;+7 913 537 12 75
203;Lex;rty@mail.ru;+7 913 123 64 12
204;Igor;feweqf@mail.ru;+7 913 564 23 98
205;Lex;trtf@mail.ru;+7 913 537 12 75
206;Rex;ewrt@mail.ru;+7 913 010 37 23
207;Lora;trtf@mail.ru;+7 913 010 37 23
208;Lex;qwerf@mail.ru;+7 913 564 23 98
209;Igor;rty@mail.ru;+7 913 517 33 68
210;Max;qwerf@mail.ru;+7 913 537 12 75
211;Lex;feweqf@mail.ru;+7 913 564 23 98
212;Lora;rty@mail.ru;+7 913 643 43 23
213;Igor;fef@mail.ru;+7 913 564 23 98
214;Rex;feweqf@mail.ru;+7 913 643 43 23
215;Igor;qwerf@mail.ru;+7 913 564 23 98
216;Lex;feweqf@mail.ru;+7 913 643 43 23
217;Lora;rty@mail.ru;+7 913 123 64 12
218;Lex;qwerf@mail.ru;+7 913 010 37 23
219;Kate;trtf@mail.ru;+7 913 564 23 98
220;Lex;feweqf@mail.ru;+7 913 123 64 12
221;Lora;fef@mail.ru;+7 913 564 23 98
222;Igor;rty@mail.ru;+7 913 643 43 23
223;Max;rty@mail.ru;+7 913 643 43 23
224;Lex;trtf@mail.ru;+7 913 643 43 23
225;Kate;fef@mail.ru;+7 913 537 12 75
226;Igor;trtf@mail.ru;+7 913 564 23 98
227;Kate;feweqf@mail.ru;+7 913 517 33 68
228;Kate;qwerf@mail.ru;+7 913 123 64 12
229;Lex;rty@mail.ru;+7 913 564 23 98
230;Lora;trtf@mail.ru;+7 913 517 33 68
231;Kate;qwerf@mail.ru;+7 913 123 64 12
232;Igor;fef@mail.ru;+7 913 517 33 68
233;Igor;ewrt@mail.ru;+7 913 564 23 98
234;Igor;ewrt@mail.ru;+7 913 123 64 12
235;Igor;ewrt@mail.ru;+7 913 564 23 98
236;Kate;feweqf@mail.ru;+7 913 564 23 98
237;Rex;rty@mail.ru;+7 913 643 43 23
238;Kate;feweqf@mail.ru;+7 913 123 64 12
239;Max;rty@mail.ru;+7 913 643 43 23
240;Igor;rty@mail.ru;+7 913 537 12 75
241;Lora;fef@mail.ru;+7 913 517 33 68
242;Igor;qwerf@mail.ru;+7 913 517 33 68
243;Igor;ewrt@mail.ru;+7 913 517 33 68
244;Lex;trtf@mail.ru;+7 913 643 43 23
245;Igor;rty@mail.ru;+7 913 517 33 68
246;Rex;rty@mail.ru;+7 913 517 33 68
247;Igor;ewrt@mail.ru;+7 913 537 12 75
248;Lora;rty@mail.ru;+7 913 010 37 23
249;Rex;feweqf@mail.ru;+7 913 517 33 68
250;Max;ewrt@mail.ru;+7 913 517 33 68
251;Rex;rty@mail.ru;+7 913 010 37 23
252;Kate;rty@mail.ru;+7 913 537 12 75
253;Igor;rty@mail.ru;+7 913 564 23 98
254;Max;ewrt@mail.ru;+7 913 564 23 98
255;Igor;trtf@mail.ru;+7 913 517 33 68
256;Lex;trtf@mail.ru;+7 913 010 37 23
257;Igor;qwerf@mail.ru;+7 913 643 43 23
258;Kate;fef@mail.ru;+7 913 517 33 68
259;Lora;feweqf@mail.ru;+7 913 123 64 12
260;Kate;trtf@mail.ru;+7 913 537 12 75
261;Lora;ewrt@mail.ru;+7 913 537 12 75
262;Kate;feweqf@mail.ru;+7 913 537 12 75
263;Max;feweqf@mail.ru;+7 913 537 12 75
264;Lora;trtf@mail.ru;+7 913 517 33 68
265;Igor;feweqf@mail.ru;+7 913 517 33 68
266;Rex;feweqf@mail.ru;+7 913 123 64 12
267;Lora;ewrt@mail.ru;+7 913 643 43 23
268;Lex;feweqf@mail.ru;+7 913 564 23 98
269;Lex;rty@mail.ru;+7 913 123 64 12
270;Max;qwerf@mail.ru;+7 913 517 33 68
271;Igor;trtf@mail.ru;+7 913 537 12 75
272;Max;rty@mail.ru;+7 913 537 12 75
273;Lora;qwerf@mail.ru;+7 913 010 37 23
274;Kate;trtf@mail.ru;+7 913 564 23 98
275;Lex;trtf@mail.ru;+7 913 123 64 12
276;Rex;ewrt@mail.ru;+7 913 517 33 68
277;Igor;rty@mail.ru;+7 913 010 37 23
278;Lora;qwerf@mail.ru;+7 913 010 37 23
279;Igor;rty@mail.ru;+7 913 517 33 68
280;Igor;rty@mail.ru;+7 913 517 33 68
281;Lora;trtf@mail.ru;+7 913 537 12 75
282;Lora;trtf@mail.ru;+7 913 537 12 75
283;Lex;trtf@mail.ru;+7 913 537 12 75
284;Igor;feweqf@mail.ru;+7 913 123 64 12
285;Igor;ewrt@mail.ru;+7 913 537 12 75
286;Max;rty@mail.ru;+7 913 537 12 75
287;Rex;feweqf@mail.ru;+7 913 537 12 75
288;Lex;ewrt@mail.ru;+7 913 643 43 23
289;Rex;fef@mail.ru;+7 913 643 43 23
290;Igor;qwerf@mail.ru;+7 913 564 23 98
291;Lex;rty@mail.ru;+7 913 564 23 98
292;Kate;rty@mail.ru;+7 913 010 37 23
293;Kate;qwerf@mail.ru;+7 913 564 23 98
294;Igor;fef@mail.ru;+7 913 010 37 23
295;Max;rty@mail.ru;+7 913 010 37 23
296;Igor;qwerf@mail.ru;+7 913 537 12 75
297;Max;ewrt@mail.ru;+7 913 517 33 68
298;Rex;feweqf@mail.ru;+7 913 010 37 23
299;Igor;ewrt@mail.ru;+7 913 564 23 98
300;Lora;rty@mail.ru;+7 913 537 12 75
301;Max;ewrt@mail.ru;+7 913 564 23 98
302;Kate;rty@mail.ru;+7 913 123 64 12
303;Igor;ewrt@mail.ru;+7 913 537 12 75
304;Rex;trtf@mail.ru;+7 913 123 64 12
305;Kate;feweqf@mail.ru;+7 913 643 43 23
306;Igor;trtf@mail.ru;+7 913 564 23 98
307;Rex;rty@mail.ru;+7 913 564 23 98
308;Max;ewrt@mail.ru;+7 913 010 37 23
309;Lora;rty@mail.ru;+7 913 564 23 98
310;Lex;feweqf@mail.ru;+7 913 517 33 68
311;Lora;qwerf@mail.ru;+7 913 010 37 23
312;Max;trtf@mail.ru;+7 913 010 37 23
313;Max;feweqf@mail.ru;+7 913 517 33 68
314;Max;trtf@mail.ru;+7 913 517 33 68
315;Max;qwerf@mail.ru;+7 913 537 12 75
316;Rex;feweqf@mail.ru;+7 913 564 23 98
317;Igor;rty@mail.ru;+7 913 517 33 68
318;Igor;trtf@mail.ru;+7 913 643 43 23
319;Rex;ewrt@mail.ru;+7 913 643 43 23
320;Rex;rty@mail.ru;+7 913 517 33 68
321;Igor;qwerf@mail.ru;+7 913 517 33 68
322;Kate;trtf@mail.ru;+7 913 537 12 75
323;Kate;fef@mail.ru;+7 913 517 33 68
324;Igor;ewrt@mail.ru;+7 913 010 37 23
325;Lora;fef@mail.ru;+7 913 564 23 98
326;Lex;trtf@mail.ru;+7 913 010 37 23
327;Kate;feweqf@mail.ru;+7 913 010 37 23
328;Max;trtf@mail.ru;+7 913 517 33 68
329;Lex;ewrt@mail.ru;+7 913 517 33 68
330;Lora;trtf@mail.ru;+7 913 564 23 98
331;Igor;fef@mail.ru;+7 913 537 12 75
332;Kate;feweqf@mail.ru;+7 913 010 37 23
333;Max;ewrt@mail.ru;+7 913 517 33 68
334;Lex;fef@mail.ru;+7 913 010 37 23
335;Kate;qwerf@mail.ru;+7 913 537 12 75
336;Lex;ewrt@mail.ru;+7 913 643 43 23
337;Igor;ewrt@mail.ru;+7 913 537 12 75
338;Igor;ewrt@mail.ru;+7 913 537 12 75
339;Igor;ewrt@mail.ru;+7 913 564 23 98
340;Igor;rty@mail.ru;+7 913 537 12 75
341;Kate;ewrt@mail.ru;+7 913 537 12 75
342;Rex;trtf@mail.ru;+7 913 643 43 23
343;Lex;trtf@mail.ru;+7 913 564 23 98
344;Igor;trtf@mail.ru;+7 913 537 12 75
345;Rex;qwerf@mail.ru;+7 913 517 33 68
346;Max;qwerf@mail.ru;+7 913 517 33 68
347;Kate;ewrt@mail.ru;+7 913 517 33 68
348;Max;fef@mail.ru;+7 913 643 43 23
349;Lex;trtf@mail.ru;+7 913 123 64 12
350;Kate;rty@mail.ru;+7 913 010 37 23
351;Rex;qwerf@mail.ru;+7 913 517 33 68
352;Rex;ewrt@mail.ru;+7 913 643 43 23
353;Kate;ewrt@mail.ru;+7 913 564 23 98
354;Lex;fef@mail.ru;+7 913 564 23 98
355;Lex;qwerf@mail.ru;+7 913 010 37 23
356;Max;trtf@mail.ru;+7 913 123 64 12
357;Rex;rty@mail.ru;+7 913 517 33 68
358;Lora;qwerf@mail.ru;+7 913 517 33 68
359;Igor;ewrt@mail.ru;+7 913 537 12 75
360;Lex;qwerf@mail.ru;+7 913 564 23 98
361;Max;qwerf@mail.ru;+7 913 564 23 98
362;Max;fef@mail.ru;+7 913 123 64 12
363;Igor;feweqf@mail.ru;+7 913 564 23 98
364;Lex;qwerf@mail.ru;+7 913 564 23 98
365;Kate;fef@mail.ru;+7 913 564 23 98
366;Lora;trtf@mail.ru;+7 913 010 37 23
367;Igor;feweqf@mail.ru;+7 913 517 33 68
368;Max;ewrt@mail.ru;+7 913 564 23 98
369;Max;fef@mail.ru;+7 913 537 12 75
370;Kate;fef@mail.ru;+7 913 537 12 75
371;Rex;ewrt@mail.ru;+7 913 537 12 75
372;Igor;feweqf@mail.ru;+7 913 643 43 23
373;Kate;qwerf@mail.ru;+7 913 123 64 12
374;Lora;rty@mail.ru;+7 913 517 33 68
375;Igor;qwerf@mail.ru;+7 913 643 43 23
376;Lex;feweqf@mail.ru;+7 913 010 37 23
377;Lex;rty@mail.ru;+7 913 643 43 23
378;Kate;fef@mail.ru;+7 913 537 12 75
379;Max;fef@mail.ru;+7 913 010 37 23
380;Lex;feweqf@mail.ru;+7 913 643 43 23
381;Igor;feweqf@mail.ru;+7 913 643 43 23
382;Lex;trtf@mail.ru;+7 913 564 23 98
383;Rex;trtf@mail.ru;+7 913 517 33 68
384;Kate;rty@mail.ru;+7 913 564 23 98
385;Kate;trtf@mail.ru;+7 913 564 23 98
386;Rex;ewrt@mail.ru;+7 913 537 12 75
387;Igor;fef@mail.ru;+7 913 010 37 23
388;Lex;feweqf@mail.ru;+7 913 517 33 68
389;Rex;fef@mail.ru;+7 913 123 64 12
390;Lex;qwerf@mail.ru;+7 913 643 43 23
391;Igor;rty@mail.ru;+7 913 643 43 23
392;Igor;qwerf@mail.ru;+7 913 643 43 23
393;Lex;qwerf@mail.ru;+7 913 643 43 23
394;Lex;feweqf@mail.ru;+7 913 537 12 75
395;Kate;ewrt@mail.ru;+7 913 123 64 12
396;Lex;fef@mail.ru;+7 913 010 37 23
397;Lex;qwerf@mail.ru;+7 913 010 37 23
398;Lora;fef@mail.ru;+7 913 517 33 68
399;Lex;trtf@mail.ru;+7 913 123 64 12
400;Kate;feweqf@mail.ru;+7 913 517 33 68
401;Kate;feweqf@mail.ru;+7 913 564 23 98
402;Lex;trtf@mail.ru;+7 913 643 43 23
403;Lex;trtf@mail.ru;+7 913 537 12 75
404;Lora;qwerf@mail.ru;+7 913 643 43 23
405;Igor;qwerf@mail.ru;+7 913 010 37 23
406;Rex;rty@mail.ru;+7 913 643 43 23
407;Lora;feweqf@mail.ru;+7 913 643 43 23
408;Rex;ewrt@mail.ru;+7 913 537 12 75
409;Igor;qwerf@mail.ru;+7 913 564 23 98
410;Rex;ewrt@mail.ru;+7 913 123 64 12
411;Kate;ewrt@mail.ru;+7 913 123 64 12
412;Igor;qwerf@mail.ru;+7 913 537 12 75
413;Rex;feweqf@mail.ru;+7 913 517 33 68
414;Igor;qwerf@mail.ru;+7 913 537 12 75
415;Rex;ewrt@mail.ru;+7 913 010 37 23
416;Lex;fef@mail.ru;+7 913 564 23 98
417;Lora;trtf@mail.ru;+7 913 537 12 75
418;Max;rty@mail.ru;+7 913 123 64 12
419;Igor;rty@mail.ru;+7 913 123 64 12
420;Lora;feweqf@mail.ru;+7 913 010 37 23
421;Kate;rty@mail.ru;+7 913 643 43 23
422;Kate;trtf@mail.ru;+7 913 010 37 23
423;Lora;ewrt@mail.ru;+7 913 643 43 23
424;Max;feweqf@mail.ru;+7 913 123 64 12
425;Max;feweqf@mail.ru;+7 913 517 33 68
426;Max;feweqf@mail.ru;+7 913 564 23 98
427;Lora;ewrt@mail.ru;+7 913 643 43 23
428;Kate;qwerf@mail.ru;+7 913 123 64 12
429;Rex;fef@mail.ru;+7 913 643 43 23
430;Igor;trtf@mail.ru;+7 913 010 37 23
431;Lex;feweqf@mail.ru;+7 913 517 33 68
432;Kate;feweqf@mail.ru;+7 913 010 37 23
433;Max;trtf@mail.ru;+7 913 564 23 98
434;Kate;ewrt@mail.ru;+7 913 643 43 23
435;Igor;qwerf@mail.ru;+7 913 643 43 23
436;Lex;feweqf@mail.ru;+7 913 123 64 12
437;Lora;rty@mail.ru;+7 913 564 23 98
438;Lex;ewrt@mail.ru;+7 913 537 12 75
439;Rex;fef@mail.ru;+7 913 517 33 68
440;Lex;ewrt@mail.ru;+7 913 643 43 23
441;Igor;trtf@mail.ru;+7 913 564 23 98
442;Rex;feweqf@mail.ru;+7 913 517 33 68
443;Lora;rty@mail.ru;+7 913 643 43 23
444;Kate;trtf@mail.ru;+7 913 643 43 23
445;Lex;fef@mail.ru;+7 913 010 37 23
446;Lex;feweqf@mail.ru;+7 913 564 23 98
447;Igor;rty@mail.ru;+7 913 564 23 98
448;Lora;fef@mail.ru;+7 913 643 43 23
449;Igor;ewrt@mail.ru;+7 913 537 12 75
450;Lex;qwerf@mail.ru;+7 913 643 43 23
451;Kate;ewrt@mail.ru;+7 913 010 37 23
452;Igor;feweqf@mail.ru;+7 913 010 37 23
453;Kate;trtf@mail.ru;+7 913 537 12 75
454;Rex;feweqf@mail.ru;+7 913 537 12 75
455;Lora;feweqf@mail.ru;+7 913 010 37 23
456;Rex;fef@mail.ru;+7 913 564 23 98
457;Lex;trtf@mail.ru;+7 913 537 12 75
458;Lora;feweqf@mail.ru;+7 913 564 23 98
459;Lex;trtf@mail.ru;+7 913 010 37 23
460;Rex;qwerf@mail.ru;+7 913 010 37 23
461;Lex;trtf@mail.ru;+7 913 123 64 12
462;Kate;trtf@mail.ru;+7 913 564 23 98
463;Kate;rty@mail.ru;+7 913 537 12 75
464;Lora;feweqf@mail.ru;+7 913 123 64 12
465;Kate;ewrt@mail.ru;+7 913 010 37 23
466;Max;feweqf@mail.ru;+7 913 537 12 75
467;Rex;fef@mail.ru;+7 913 537 12 75
468;Max;feweqf@mail.ru;+7 913 643 43 23
469;Rex;trtf@mail.ru;+7 913 123 64 12
470;Lex;feweqf@mail.ru;+7 913 123 64 12
471;Max;fef@mail.ru;+7 913 643 43 23
472;Igor;qwerf@mail.ru;+7 913 564 23 98
473;Kate;trtf@mail.ru;+7 913 564 23 98
474;Lex;qwerf@mail.ru;+7 913 564 23 98
475;Rex;trtf@mail.ru;+7 913 010 37 23
476;Igor;ewrt@mail.ru;+7 913 564 23 98
477;Rex;trtf@mail.ru;+7 913 010 37 23
478;Lora;fef@mail.ru;+7 913 643 43 23
479;Max;trtf@mail.ru;+7 913 564 23 98
480;Lora;fef@mail.ru;+7 913 010 37 23
481;Max;ewrt@mail.ru;+7 913 123 64 12
482;Lora;fef@mail.ru;+7 913 537 12 75
483;Rex;rty@mail.ru;+7 913 643 43 23
484;Rex;fef@mail.ru;+7 913 517 33 68
485;Lex;feweqf@mail.ru;+7 913 564 23 98
486;Igor;ewrt@mail.ru;+7 913 010 37 23
487;Lora;ewrt@mail.ru;+7 913 643 43 23
488;Max;ewrt@mail.ru;+7 913 010 37 23
489;Kate;feweqf@mail.ru;+7 913 564 23 98
490;Kate;fef@mail.ru;+7 913 537 12 75
491;Igor;feweqf@mail.ru;+7 913 643 43 23
492;Kate;qwerf@mail.ru;+7 913 564 23 98
493;Lora;feweqf@mail.ru;+7 913 517 33 68
494;Lora;rty@mail.ru;+7 913 564 23 98
495;Kate;trtf@mail.ru;+7 913 643 43 23
496;Igor;trtf@mail.ru;+7 913 123 64 12
497;Kate;feweqf@mail.ru;+7 913 123 64 12
498;Lex;feweqf@mail.ru;+7 913 517 33 68
499;Kate;feweqf@mail.ru;+7 913 010 37 23
500;Max;trtf@mail.ru;+7 913 564 23 98
501;Rex;ewrt@mail.ru;+7 913 537 12 75
502;Igor;trtf@mail.ru;+7 913 643 43 23
503;Lex;ewrt@mail.ru;+7 913 123 64 12
504;Rex;fef@mail.ru;+7 913 123 64 12
505;Igor;feweqf@mail.ru;+7 913 564 23 98
506;Max;feweqf@mail.ru;+7 913 537 12 75
507;Igor;rty@mail.ru;+7 913 537 12 75
508;Rex;feweqf@mail.ru;+7 913 517 33 68
509;Max;rty@mail.ru;+7 913 564 23 98
510;Igor;feweqf@mail.ru;+7 913 517 33 68
511;Kate;trtf@mail.ru;+7 913 564 23 98
512;Lora;trtf@mail.ru;+7 913 010 37 23
513;Lex;qwerf@mail.ru;+7 913 643 43 23
514;Max;fef@mail.ru;+7 913 517 33 68
515;Max;ewrt@mail.ru;+7 913 537 12 75
516;Max;qwerf@mail.ru;+7 913 537 12 75
517;Max;qwerf@mail.ru;+7 913 517 33 68
518;Igor;rty@mail.ru;+7 913 123 64 12
519;Max;feweqf@mail.ru;+7 913 517 33 68
520;Rex;feweqf@mail.ru;+7 913 010 37 23
521;Kate;rty@mail.ru;+7 913 537 12 75
522;Kate;rty@mail.ru;+7 913 010 37 23
523;Lora;rty@mail.ru;+7 913 517 33 68
524;Kate;ewrt@mail.ru;+7 913 537 12 75
525;Max;ewrt@mail.ru;+7 913 537 12 75
526;Kate;feweqf@mail.ru;+7 913 010 37 23
527;Max;feweqf@mail.ru;+7 913 517 33 68
528;Kate;rty@mail.ru;+7 913 123 64 12
529;Lora;ewrt@mail.ru;+7 913 643 43 23
530;Igor;feweqf@mail.ru;+7 913 643 43 23
531;Lex;feweqf@mail.ru;+7 913 643 43 23
532;Max;qwerf@mail.ru;+7 913 643 43 23
533;Max;rty@mail.ru;+7 913 564 23 98
534;Max;rty@mail.ru;+7 913 537 12 75
535;Lora;ewrt@mail.ru;+7 913 010 37 23
536;Max;ewrt@mail.ru;+7 913 643 43 23
537;Lora;ewrt@mail.ru;+7 913 537 12 75
538;Rex;feweqf@mail.ru;+7 913 010 37 23
539;Igor;feweqf@mail.ru;+7 913 537 12 75
540;Lex;trtf@mail.ru;+7 913 564 23 98
541;Rex;qwerf@mail.ru;+7 913 517 33 68
542;Igor;qwerf@mail.ru;+7 913 564 23 98
543;Max;fef@mail.ru;+7 913 517 33 68
544;Lora;rty@mail.ru;+7 913 517 33 68
545;Max;fef@mail.ru;+7 913 564 23 98
546;Lex;fef@mail.ru;+7 913 564 23 98
547;Lex;ewrt@mail.ru;+7 913 010 37 23
548;Kate;feweqf@mail.ru;+7 913 564 23 98
549;Igor;feweqf@mail.ru;+7 913 537 12 75
550;Max;ewrt@mail.ru;+7 913 010 37 23
551;Kate;ewrt@mail.ru;+7 913 123 64 12
552;Lex;ewrt@mail.ru;+7 913 537 12 75
553;Lora;trtf@mail.ru;+7 913 517 33 68
554;Lex;feweqf@mail.ru;+7 913 123 64 12
555;Kate;fef@mail.ru;+7 913 564 23 98
556;Igor;trtf@mail.ru;+7 913 643 43 23
557;Igor;rty@mail.ru;+7 913 123 64 12
558;Lora;fef@mail.ru;+7 913 123 64 12
559;Lora;fef@mail.ru;+7 913 564 23 98
560;Lex;feweqf@mail.ru;+7 913 517 33 68
561;Lex;trtf@mail.ru;+7 913 517 33 68
562;Igor;feweqf@mail.ru;+7 913 643 43 23
563;Kate;fef@mail.ru;+7 913 123 64 12
564;Lex;trtf@mail.ru;+7 913 643 43 23
565;Kate;fef@mail.ru;+7 913 123 64 12
566;Kate;ewrt@mail.ru;+7 913 643 43 23
567;Lex;fef@mail.ru;+7 913 123 64 12
568;Lora;ewrt@mail.ru;+7 913 537 12 75
569;Max;rty@mail.ru;+7 913 564 23 98
570;Kate;rty@mail.ru;+7 913 537 12 75
571;Rex;qwerf@mail.ru;+7 913 517 33 68
572;Igor;trtf@mail.ru;+7 913 537 12 75
573;Lora;trtf@mail.ru;+7 913 010 37 23
574;Kate;feweqf@mail.ru;+7 913 564 23 98
575;Lex;trtf@mail.ru;+7 913 517 33 68
576;Lora;fef@mail.ru;+7 913 537 12 75
577;Kate;feweqf@mail.ru;+7 913 517 33 68
578;Lex;qwerf@mail.ru;+7 913 643 43 23
579;Igor;feweqf@mail.ru;+7 913 010 37 23
580;Lex;rty@mail.ru;+7 913 643 43 23
581;Kate;qwerf@mail.ru;+7 913 643 43 23
582;Rex;feweqf@mail.ru;+7 913 564 23 98
583;Lora;trtf@mail.ru;+7 913 643 43 23
584;Lora;rty@mail.ru;+7 913 564 23 98
585;Kate;trtf@mail.ru;+7 913 517 33 68
586;Lex;feweqf@mail.ru;+7 913 564 23 98
587;Rex;qwerf@mail.ru;+7 913 010 37 23
588;Rex;ewrt@mail.ru;+7 913 010 37 23
589;Lora;feweqf@mail.ru;+7 913 564 23 98
590;Lora;ewrt@mail.ru;+7 913 123 64 12
591;Max;fef@mail.ru;+7 913 564 23 98
592;Igor;fef@mail.ru;+7 913 123 64 12
593;Max;rty@mail.ru;+7 913 010 37 23
594;Lora;qwerf@mail.ru;+7 913 537 12 75
595;Igor;rty@mail.ru;+7 913 123 64 12
596;Kate;ewrt@mail.ru;+7 913 643 43 23
597;Kate;feweqf@mail.ru;+7 913 010 37 23
598;Rex;ewrt@mail.ru;+7 913 537 12 75
599;Rex;rty@mail.ru;+7 913 564 23 98
600;Rex;qwerf@mail.ru;+7 913 010 37 23
601;Rex;qwerf@mail.ru;+7 913 564 23 98
602;Kate;qwerf@mail.ru;+7 913 537 12 75
603;Rex;fef@mail.ru;+7 913 010 37 23
604;Rex;trtf@mail.ru;+7 913 564 23 98
605;Max;qwerf@mail.ru;+7 913 643 43 23
606;Lora;fef@mail.ru;+7 913 564 23 98
607;Lora;rty@mail.ru;+7 913 010 37 23
608;Rex;trtf@mail.ru;+7 913 564 23 98
609;Rex;ewrt@mail.ru;+7 913 010 37 23
610;Lex;trtf@mail.ru;+7 913 537 12 75
611;Lora;trtf@mail.ru;+7 913 010 37 23
612;Lex;fef@mail.ru;+7 913 537 12 75
613;Kate;feweqf@mail.ru;+7 913 537 12 75
614;Igor;rty@mail.ru;+7 913 643 43 23
615;Igor;feweqf@mail.ru;+7 913 010 37 23
616;Rex;ewrt@mail.ru;+7 913 537 12 75
617;Max;ewrt@mail.ru;+7 913 643 43 23
618;Kate;feweqf@mail.ru;+7 913 564 23 98
619;Lex;rty@mail.ru;+7 913 643 43 23
620;Kate;ewrt@mail.ru;+7 913 537 12 75
621;Rex;trtf@mail.ru;+7 913 010 37 23
622;Max;feweqf@mail.ru;+7 913 123 64 12
623;Kate;qwerf@mail.ru;+7 913 643 43 23
624;Kate;fef@mail.ru;+7 913 537 12 75
625;Lora;qwerf@mail.ru;+7 913 010 37 23
626;Lora;feweqf@mail.ru;+7 913 564 23 98
627;Max;trtf@mail.ru;+7 913 537 12 75
628;Max;qwerf@mail.ru;+7 913 517 33 68
629;Max;fef@mail.ru;+7 913 564 23 98
630;Rex;feweqf@mail.ru;+7 913 537 12 75
631;Rex;ewrt@mail.ru;+7 913 643 43 23
632;Igor;feweqf@mail.ru;+7 913 517 33 68
633;Max;ewrt@mail.ru;+7 913 537 12 75
634;Max;ewrt@mail.ru;+7 913 123 64 12
635;Rex;fef@mail.ru;+7 913 010 37 23
636;Lex;qwerf@mail.ru;+7 913 537 12 75
637;Rex;rty@mail.ru;+7 913 564 23 98
638;Rex;ewrt@mail.ru;+7 913 537 12 75
639;Igor;feweqf@mail.ru;+7 913 537 12 75
640;Lora;trtf@mail.ru;+7 913 123 64 12
641;Kate;fef@mail.ru;+7 913 564 23 98
642;Igor;qwerf@mail.ru;+7 913 564 23 98
643;Lex;qwerf@mail.ru;+7 913 537 12 75
644;Kate;ewrt@mail.ru;+7 913 537 12 75
645;Max;fef@mail.ru;+7 913 564 23 98
646;Kate;qwerf@mail.ru;+7 913 010 37 23
647;Lex;fef@mail.ru;+7 913 564 23 98
648;Max;qwerf@mail.ru;+7 913 564 23 98
649;Kate;fef@mail.ru;+7 913 643 43 23
650;Max;ewrt@mail.ru;+7 913 643 43 23
651;Rex;qwerf@mail.ru;+7 913 643 43 23
652;Igor;trtf@mail.ru;+7 913 643 43 23
653;Igor;qwerf@mail.ru;+7 913 123 64 12
654;Lex;fef@mail.ru;+7 913 123 64 12
655;Igor;fef@mail.ru;+7 913 123 64 12
656;Lex;feweqf@mail.ru;+7 913 537 12 75
657;Rex;trtf@mail.ru;+7 913 564 23 98
658;Lora;fef@mail.ru;+7 913 643 43 23
659;Kate;ewrt@mail.ru;+7 913 564 23 98
660;Rex;ewrt@mail.ru;+7 913 517 33 68
661;Rex;qwerf@mail.ru;+7 913 643 43 23
662;Kate;ewrt@mail.ru;+7 913 564 23 98
663;Igor;qwerf@mail.ru;+7 913 010 37 23
664;Max;qwerf@mail.ru;+7 913 123 64 12
665;Igor;ewrt@mail.ru;+7 913 010 37 23
666;Lex;fef@mail.ru;+7 913 643 43 23
667;Max;feweqf@mail.ru;+7 913 537 12 75
668;Lora;trtf@mail.ru;+7 913 537 12 75
669;Lora;feweqf@mail.ru;+7 913 564 23 98
670;Igor;rty@mail.ru;+7 913 010 37 23
671;Igor;rty@mail.ru;+7 913 537 12 75
672;Lora;feweqf@mail.ru;+7 913 564 23 98
673;Igor;fef@mail.ru;+7 913 123 64 12
674;Lora;rty@mail.ru;+7 913 010 37 23
675;Max;qwerf@mail.ru;+7 913 517 33 68
676;Igor;trtf@mail.ru;+7 913 643 43 23
677;Rex;fef@mail.ru;+7 913 564 23 98
678;Max;feweqf@mail.ru;+7 913 537 12 75
679;Kate;trtf@mail.ru;+7 913 564 23 98
680;Lora;ewrt@mail.ru;+7 913 010 37 23
681;Kate;fef@mail.ru;+7 913 010 37 23
682;Lora;feweqf@mail.ru;+7 913 643 43 23
683;Rex;qwerf@mail.ru;+7 913 564 23 98
684;Lex;trtf@mail.ru;+7 913 010 37 23
685;Rex;rty@mail.ru;+7 913 564 23 98
686;Kate;qwerf@mail.ru;+7 913 517 33 68
687;Lora;trtf@mail.ru;+7 913 010 37 23
688;Igor;fef@mail.ru;+7 913 564 23 98
689;Lora;qwerf@mail.ru;+7 913 564 23 98
690;Kate;fef@mail.ru;+7 913 123 64 12
691;Lora;feweqf@mail.ru;+7 913 123 64 12
692;Igor;fef@mail.ru;+7 913 564 23 98
693;Rex;ewrt@mail.ru;+7 913 010 37 23
694;Lora;ewrt@mail.ru;+7 913 537 12 75
695;Lora;trtf@mail.ru;+7 913 517 33 68
696;Igor;ewrt@mail.ru;+7 913 643 43 23
697;Lora;rty@mail.ru;+7 913 123 64 12
698;Igor;qwerf@mail.ru;+7 913 537 12 75
699;Lex;trtf@mail.ru;+7 913 010 37 23
700;Lex;trtf@mail.ru;+7 913 564 23 98
701;Lex;qwerf@mail.ru;+7 913 564 23 98
702;Max;feweqf@mail.ru;+7 913 010 37 23
703;Igor;fef@mail.ru;+7 913 123 64 12
704;Kate;rty@mail.ru;+7 913 010 37 23
705;Igor;rty@mail.ru;+7 913 010 37 23
706;Igor;ewrt@mail.ru;+7 913 564 23 98
707;Lora;rty@mail.ru;+7 913 123 64 12
708;Lora;rty@mail.ru;+7 913 564 23 98
709;Kate;rty@mail.ru;+7 913 564 23 98
710;Lex;fef@mail.ru;+7 913 564 23 98
711;Rex;feweqf@mail.ru;+7 913 564 23 98
712;Lex;trtf@mail.ru;+7 913 517 33 68
713;Igor;ewrt@mail.ru;+7 913 564 23 98
714;Lex;rty@mail.ru;+7 913 010 37 23
715;Max;feweqf@mail.ru;+7 913 564 23 98
716;Kate;feweqf@mail.ru;+7 913 643 43 23
717;Max;feweqf@mail.ru;+7 913 123 64 12
718;Max;rty@mail.ru;+7 913 564 23 98
719;Kate;ewrt@mail.ru;+7 913 517 33 68
720;Igor;feweqf@mail.ru;+7 913 643 43 23
721;Igor;qwerf@mail.ru;+7 913 517 33 68
722;Rex;trtf@mail.ru;+7 913 123 64 12
723;Kate;fef@mail.ru;+7 913 123 64 12
724;Lora;qwerf@mail.ru;+7 913 564 23 98
725;Rex;qwerf@mail.ru;+7 913 010 37 23
726;Igor;fef@mail.ru;+7 913 517 33 68
727;Lora;fef@mail.ru;+7 913 517 33 68
728;Rex;qwerf@mail.ru;+7 913 517 33 68
729;Igor;fef@mail.ru;+7 913 537 12 75
730;Max;trtf@mail.ru;+7 913 643 43 23
731;Rex;feweqf@mail.ru;+7 913 123 64 12
732;Igor;trtf@mail.ru;+7 913 564 23 98
733;Igor;trtf@mail.ru;+7 913 517 33 68
734;Lex;rty@mail.ru;+7 913 643 43 23
735;Rex;qwerf@mail.ru;+7 913 643 43 23
736;Igor;rty@mail.ru;+7 913 010 37 23
737;Lex;rty@mail.ru;+7 913 010 37 23
738;Lex;feweqf@mail.ru;+7 913 517 33 68
739;Max;rty@mail.ru;+7 913 123 64 12
740;Igor;feweqf@mail.ru;+7 913 123 64 12
741;Lora;qwerf@mail.ru;+7 913 123 64 12
742;Kate;trtf@mail.ru;+7 913 564 23 98
743;Rex;fef@mail.ru;+7 913 123 64 12
744;Rex;qwerf@mail.ru;+7 913 643 43 23
745;Kate;rty@mail.ru;+7 913 010 37 23
746;Lora;feweqf@mail.ru;+7 913 517 33 68
747;Igor;fef@mail.ru;+7 913 564 23 98
748;Lora;ewrt@mail.ru;+7 913 123 64 12
749;Rex;trtf@mail.ru;+7 913 643 43 23
750;Max;qwerf@mail.ru;+7 913 517 33 68
751;Igor;trtf@mail.ru;+7 913 643 43 23
752;Kate;trtf@mail.ru;+7 913 517 33 68
753;Lex;fef@mail.ru;+7 913 010 37 23
754;Kate;feweqf@mail.ru;+7 913 564 23 98
755;Kate;ewrt@mail.ru;+7 913 537 12 75
756;Kate;ewrt@mail.ru;+7 913 643 43 23
757;Lex;feweqf@mail.ru;+7 913 564 23 98
758;Max;fef@mail.ru;+7 913 123 64 12
759;Max;trtf@mail.ru;+7 913 517 33 68
760;Lex;qwerf@mail.ru;+7 913 564 23 98
761;Igor;ewrt@mail.ru;+7 913 643 43 23
762;Rex;rty@mail.ru;+7 913 537 12 75
763;Rex;qwerf@mail.ru;+7 913 010 37 23
764;Igor;trtf@mail.ru;+7 913 564 23 98
765;Rex;fef@mail.ru;+7 913 123 64 12
766;Lora;rty@mail.ru;+7 913 517 33 68
767;Rex;trtf@mail.ru;+7 913 537 12 75
768;Igor;ewrt@mail.ru;+7 913 537 12 75
769;Kate;fef@mail.ru;+7 913 517 33 68
770;Lex;qwerf@mail.ru;+7 913 643 43 23
771;Rex;trtf@mail.ru;+7 913 537 12 75
772;Max;trtf@mail.ru;+7 913 010 37 23
773;Max;trtf@mail.ru;+7 913 010 37 23
774;Rex;trtf@mail.ru;+7 913 537 12 75
775;Igor;feweqf@mail.ru;+7 913 010 37 23
776;Max;trtf@mail.ru;+7 913 564 23 98
777;Kate;rty@mail.ru;+7 913 643 43 23
778;Max;feweqf@mail.ru;+7 913 517 33 68
779;Lora;fef@mail.ru;+7 913 517 33 68
780;Lora;feweqf@mail.ru;+7 913 537 12 75
781;Kate;trtf@mail.ru;+7 913 010 37 23
782;Kate;ewrt@mail.ru;+7 913 123 64 12
783;Lora;feweqf@mail.ru;+7 913 564 23 98
784;Kate;rty@mail.ru;+7 913 643 43 23
785;Max;feweqf@mail.ru;+7 913 010 37 23
786;Kate;feweqf@mail.ru;+7 913 564 23 98
787;Lex;trtf@mail.ru;+7 913 537 12 75
788;Lora;fef@mail.ru;+7 913 643 43 23
789;Max;fef@mail.ru;+7 913 643 43 23
790;Lora;qwerf@mail.ru;+7 913 643 43 23
791;Rex;ewrt@mail.ru;+7 913 517 33 68
792;Lora;feweqf@mail.ru;+7 913 564 23 98
793;Rex;qwerf@mail.ru;+7 913 517 33 68
794;Rex;qwerf@mail.ru;+7 913 564 23 98
795;Lora;feweqf@mail.ru;+7 913 537 12 75
796;Max;ewrt@mail.ru;+7 913 123 64 12
797;Lora;ewrt@mail.ru;+7 913 517 33 68
798;Lex;fef@mail.ru;+7 913 564 23 98
799;Lex;ewrt@mail.ru;+7 913 537 12 75
800;Rex;ewrt@mail.ru;+7 913 517 33 68
801;Max;trtf@mail.ru;+7 913 123 64 12
802;Rex;feweqf@mail.ru;+7 913 517 33 68
803;Kate;feweqf@mail.ru;+7 913 123 64 12
804;Rex;qwerf@mail.ru;+7 913 564 23 98
805;Lora;qwerf@mail.ru;+7 913 643 43 23
806;Rex;ewrt@mail.ru;+7 913 123 64 12
807;Igor;qwerf@mail.ru;+7 913 517 33 68
808;Lex;rty@mail.ru;+7 913 123 64 12
809;Lora;ewrt@mail.ru;+7 913 010 37 23
810;Kate;rty@mail.ru;+7 913 010 37 23
811;Rex;fef@mail.ru;+7 913 564 23 98
812;Igor;fef@mail.ru;+7 913 010 37 23
813;Rex;rty@mail.ru;+7 913 517 33 68
814;Kate;rty@mail.ru;+7 913 517 33 68
815;Max;qwerf@mail.ru;+7 913 010 37 23
816;Max;feweqf@mail.ru;+7 913 123 64 12
817;Kate;feweqf@mail.ru;+7 913 123 64 12
818;Kate;trtf@mail.ru;+7 913 123 64 12
819;Rex;trtf@mail.ru;+7 913 123 64 12
820;Lex;fef@mail.ru;+7 913 010 37 23
821;Lex;trtf@mail.ru;+7 913 643 43 23
822;Igor;fef@mail.ru;+7 913 010 37 23
823;Max;qwerf@mail.ru;+7 913 643 43 23
824;Rex;feweqf@mail.ru;+7 913 643 43 23
825;Lex;ewrt@mail.ru;+7 913 643 43 23
826;Rex;rty@mail.ru;+7 913 643 43 23
827;Rex;trtf@mail.ru;+7 913 123 64 12
828;Kate;qwerf@mail.ru;+7 913 010 37 23
829;Lora;feweqf@mail.ru;+7 913 643 43 23
830;Igor;ewrt@mail.ru;+7 913 123 64 12
831;Max;ewrt@mail.ru;+7 913 643 43 23
832;Lora;rty@mail.ru;+7 913 537 12 75
833;Lex;fef@mail.ru;+7 913 123 64 12
834;Igor;ewrt@mail.ru;+7 913 123 64 12
835;Kate;trtf@mail.ru;+7 913 123 64 12
836;Kate;fef@mail.ru;+7 913 123 64 12
837;Max;ewrt@mail.ru;+7 913 643 43 23
838;Igor;ewrt@mail.ru;+7 913 123 64 12
839;Igor;rty@mail.ru;+7 913 123 64 12
840;Lex;qwerf@mail.ru;+7 913 643 43 23
841;Rex;rty@mail.ru;+7 913 517 33 68
842;Igor;feweqf@mail.ru;+7 913 123 64 12
843;Kate;ewrt@mail.ru;+7 913 564 23 98
844;Igor;ewrt@mail.ru;+7 913 564 23 98
845;Lora;ewrt@mail.ru;+7 913 123 64 12
846;Igor;qwerf@mail.ru;+7 913 010 37 23
847;Max;fef@mail.ru;+7 913 123 64 12
848;Kate;fef@mail.ru;+7 913 010 37 23
849;Lex;trtf@mail.ru;+7 913 123 64 12
850;Kate;fef@mail.ru;+7 913 010 37 23
851;Rex;feweqf@mail.ru;+7 913 643 43 23
852;Rex;fef@mail.ru;+7 913 010 37 23
853;Lora;feweqf@mail.ru;+7 913 123 64 12
854;Kate;trtf@mail.ru;+7 913 010 37 23
855;Max;rty@mail.ru;+7 913 517 33 68
856;Kate;feweqf@mail.ru;+7 913 517 33 68
857;Rex;qwerf@mail.ru;+7 913 517 33 68
858;Igor;qwerf@mail.ru;+7 913 010 37 23
859;Lora;trtf@mail.ru;+7 913 517 33 68
860;Igor;feweqf@mail.ru;+7 913 537 12 75
861;Rex;fef@mail.ru;+7 913 517 33 68
862;Rex;trtf@mail.ru;+7 913 517 33 68
863;Igor;qwerf@mail.ru;+7 913 564 23 98
864;Igor;rty@mail.ru;+7 913 123 64 12
865;Rex;qwerf@mail.ru;+7 913 123 64 12
866;Kate;fef@mail.ru;+7 913 010 37 23
867;Max;feweqf@mail.ru;+7 913 517 33 68
868;Lex;rty@mail.ru;+7 913 123 64 12
869;Rex;fef@mail.ru;+7 913 643 43 23
870;Lora;fef@mail.ru;+7 913 517 33 68
871;Igor;fef@mail.ru;+7 913 517 33 68
872;Igor;rty@mail.ru;+7 913 564 23 98
873;Lora;trtf@mail.ru;+7 913 564 23 98
874;Rex;qwerf@mail.ru;+7 913 010 37 23
875;Max;fef@mail.ru;+7 913 537 12 75
876;Max;rty@mail.ru;+7 913 123 64 12
877;Igor;fef@mail.ru;+7 913 010 37 23
878;Lora;fef@mail.ru;+7 913 564 23 98
879;Igor;rty@mail.ru;+7 913 123 64 12
880;Max;rty@mail.ru;+7 913 517 33 68
881;Max;fef@mail.ru;+7 913 537 12 75
882;Max;fef@mail.ru;+7 913 123 64 12
883;Kate;ewrt@mail.ru;+7 913 123 64 12
884;Igor;rty@mail.ru;+7 913 564 23 98
885;Kate;rty@mail.ru;+7 913 643 43 23
886;Kate;fef@mail.ru;+7 913 010 37 23
887;Rex;ewrt@mail.ru;+7 913 537 12 75
888;Rex;fef@mail.ru;+7 913 517 33 68
889;Kate;fef@mail.ru;+7 913 123 64 12
890;Max;trtf@mail.ru;+7 913 517 33 68
891;Lora;rty@mail.ru;+7 913 123 64 12
892;Lora;fef@mail.ru;+7 913 010 37 23
893;Igor;ewrt@mail.ru;+7 913 537 12 75
894;Lora;rty@mail.ru;+7 913 564 23 98
895;Lex;trtf@mail.ru;+7 913 517 33 68
896;Lex;fef@mail.ru;+7 913 123 64 12
897;Lex;fef@mail.ru;+7 913 517 33 68
898;Kate;qwerf@mail.ru;+7 913 010 37 23
899;Igor;rty@mail.ru;+7 913 123 64 12
900;Max;trtf@mail.ru;+7 913 643 43 23
901;Max;feweqf@mail.ru;+7 913 517 33 68
902;Lora;qwerf@mail.ru;+7 913 010 37 23
903;Max;qwerf@mail.ru;+7 913 537 12 75
904;Rex;ewrt@mail.ru;+7 913 010 37 23
905;Rex;qwerf@mail.ru;+7 913 517 33 68
906;Kate;fef@mail.ru;+7 913 517 33 68
907;Lora;qwerf@mail.ru;+7 913 517 33 68
908;Kate;qwerf@mail.ru;+7 913 010 37 23
909;Kate;fef@mail.ru;+7 913 643 43 23
910;Lex;trtf@mail.ru;+7 913 010 37 23
911;Kate;feweqf@mail.ru;+7 913 537 12 75
912;Max;trtf@mail.ru;+7 913 643 43 23
913;Kate;ewrt@mail.ru;+7 913 537 12 75
914;Lora;trtf@mail.ru;+7 913 643 43 23
915;Lora;fef@mail.ru;+7 913 517 33 68
916;Rex;ewrt@mail.ru;+7 913 564 23 98
917;Lora;trtf@mail.ru;+7 913 564 23 98
918;Lora;feweqf@mail.ru;+7 913 564 23 98
919;Max;fef@mail.ru;+7 913 123 64 12
920;Kate;ewrt@mail.ru;+7 913 564 23 98
921;Max;rty@mail.ru;+7 913 123 64 12
922;Rex;feweqf@mail.ru;+7 913 537 12 75
923;Max;ewrt@mail.ru;+7 913 643 43 23
924;Lex;feweqf@mail.ru;+7 913 643 43 23
925;Kate;rty@mail.ru;+7 913 010 37 23
926;Lora;qwerf@mail.ru;+7 913 010 37 23
927;Rex;rty@mail.ru;+7 913 643 43 23
928;Max;feweqf@mail.ru;+7 913 643 43 23
929;Lex;ewrt@mail.ru;+7 913 537 12 75
930;Rex;fef@mail.ru;+7 913 010 37 23
931;Rex;trtf@mail.ru;+7 913 643 43 23
932;Lex;fef@mail.ru;+7 913 564 23 98
933;Lex;feweqf@mail.ru;+7 913 517 33 68
934;Kate;fef@mail.ru;+7 913 123 64 12
935;Kate;feweqf@mail.ru;+7 913 123 64 12
936;Lora;trtf@mail.ru;+7 913 517 33 68
937;Lora;feweqf@mail.ru;+7 913 517 33 68
938;Lora;feweqf@mail.ru;+7 913 537 12 75
939;Max;fef@mail.ru;+7 913 643 43 23
940;Lex;feweqf@mail.ru;+7 913 643 43 23
941;Lex;ewrt@mail.ru;+7 913 010 37 23
942;Kate;rty@mail.ru;+7 913 517 33 68
943;Kate;fef@mail.ru;+7 913 643 43 23
944;Lora;fef@mail.ru;+7 913 643 43 23
945;Igor;rty@mail.ru;+7 913 517 33 68
946;Igor;ewrt@mail.ru;+7 913 517 33 68
947;Kate;rty@mail.ru;+7 913 537 12 75
948;Lora;fef@mail.ru;+7 913 537 12 75
949;Igor;ewrt@mail.ru;+7 913 010 37 23
950;Rex;ewrt@mail.ru;+7 913 564 23 98
951;Kate;fef@mail.ru;+7 913 123 64 12
952;Kate;feweqf@mail.ru;+7 913 643 43 23
953;Rex;qwerf@mail.ru;+7 913 517 33 68
954;Kate;trtf@mail.ru;+7 913 123 64 12
955;Igor;trtf@mail.ru;+7 913 537 12 75
956;Igor;rty@mail.ru;+7 913 564 23 98
957;Lora;feweqf@mail.ru;+7 913 537 12 75
958;Igor;feweqf@mail.ru;+7 913 010 37 23
959;Rex;ewrt@mail.ru;+7 913 564 23 98
960;Igor;feweqf@mail.ru;+7 913 537 12 75
961;Igor;trtf@mail.ru;+7 913 564 23 98
962;Rex;trtf@mail.ru;+7 913 010 37 23
963;Lora;rty@mail.ru;+7 913 123 64 12
964;Kate;ewrt@mail.ru;+7 913 564 23 98
965;Rex;trtf@mail.ru;+7 913 517 33 68
966;Lex;fef@mail.ru;+7 913 564 23 98
967;Lex;qwerf@mail.ru;+7 913 123 64 12
968;Kate;ewrt@mail.ru;+7 913 010 37 23
969;Igor;ewrt@mail.ru;+7 913 564 23 98
970;Igor;feweqf@mail.ru;+7 913 123 64 12
971;Kate;qwerf@mail.ru;+7 913 537 12 75
972;Igor;rty@mail.ru;+7 913 643 43 23
973;Rex;trtf@mail.ru;+7 913 517 33 68
974;Igor;rty@mail.ru;+7 913 564 23 98
975;Igor;qwerf@mail.ru;+7 913 517 33 68
976;Rex;fef@mail.ru;+7 913 010 37 23
977;Lora;rty@mail.ru;+7 913 123 64 12
978;Lex;feweqf@mail.ru;+7 913 010 37 23
979;Lex;qwerf@mail.ru;+7 913 010 37 23
980;Rex;trtf@mail.ru;+7 913 517 33 68
981;Lex;fef@mail.ru;+7 913 010 37 23
982;Max;feweqf@mail.ru;+7 913 517 33 68
983;Kate;ewrt@mail.ru;+7 913 123 64 12
984;Lora;trtf@mail.ru;+7 913 564 23 98
985;Max;fef@mail.ru;+7 913 010 37 23
986;Kate;ewrt@mail.ru;+7 913 537 12 75
987;Igor;feweqf@mail.ru;+7 913 643 43 23
988;Lora;rty@mail.ru;+7 913 537 12 75
989;Lora;feweqf@mail.ru;+7 913 123 64 12
990;Rex;ewrt@mail.ru;+7 913 010 37 23
991;Kate;trtf@mail.ru;+7 913 010 37 23
992;Igor;ewrt@mail.ru;+7 913 517 33 68
993;Max;feweqf@mail.ru;+7 913 517 33 68
994;Kate;ewrt@mail.ru;+7 913 643 43 23
995;Igor;ewrt@mail.ru;+7 913 010 37 23
996;Kate;feweqf@mail.ru;+7 913 010 37 23
997;Igor;rty@mail.ru;+7 913 010 37 23
998;Lora;rty@mail.ru;+7 913 537 12 75
999;Kate;ewrt@mail.ru;+7 913 123 64 12
1000;Kate;feweqf@mail.ru;+7 913 123 64 12
1001;Igor;ewrt@mail.ru;+7 913 643 43 23
